-- phpMyAdmin SQL Dump
-- version 5.2.1
-- https://www.phpmyadmin.net/
--
-- Servidor: 127.0.0.1
-- Tiempo de generación: 21-01-2026 a las 16:24:53
-- Versión del servidor: 10.4.32-MariaDB
-- Versión de PHP: 8.4.14

SET SQL_MODE = "NO_AUTO_VALUE_ON_ZERO";
START TRANSACTION;
SET time_zone = "+00:00";


/*!40101 SET @OLD_CHARACTER_SET_CLIENT=@@CHARACTER_SET_CLIENT */;
/*!40101 SET @OLD_CHARACTER_SET_RESULTS=@@CHARACTER_SET_RESULTS */;
/*!40101 SET @OLD_COLLATION_CONNECTION=@@COLLATION_CONNECTION */;
/*!40101 SET NAMES utf8mb4 */;

--
-- Base de datos: `piso5_inventario`
--

-- --------------------------------------------------------

--
-- Estructura de tabla para la tabla `componentes`
--

CREATE TABLE `componentes` (
  `id_componente` int(11) NOT NULL,
  `id_equipo` int(11) NOT NULL,
  `tipo_componente` varchar(50) NOT NULL,
  `marca` varchar(50) DEFAULT NULL,
  `modelo` varchar(100) DEFAULT NULL,
  `arquitectura` varchar(10) DEFAULT NULL,
  `estado` enum('Buen Funcionamiento','Operativo','Sin Funcionar') DEFAULT 'Buen Funcionamiento',
  `fecha_instalacion` year(4) DEFAULT NULL,
  `ubicacion` varchar(100) DEFAULT NULL,
  `tipo` varchar(50) DEFAULT NULL,
  `frecuencia` varchar(50) DEFAULT NULL,
  `velocidad` varchar(50) DEFAULT NULL,
  `capacidad` varchar(50) DEFAULT NULL,
  `consumo` varchar(50) DEFAULT NULL,
  `rgb_led` varchar(50) DEFAULT NULL,
  `ranuras_expansion` varchar(100) DEFAULT NULL,
  `conectores_alimentacion` varchar(100) DEFAULT NULL,
  `bios_uefi` varchar(100) DEFAULT NULL,
  `potencia` varchar(50) DEFAULT NULL,
  `voltajes_fuente` varchar(255) DEFAULT NULL,
  `nucleos` int(11) DEFAULT NULL,
  `socket` varchar(20) DEFAULT NULL,
  `soporte_memoria` varchar(20) DEFAULT NULL,
  `tipo_conector` varchar(50) DEFAULT NULL,
  `conectividad_soporte` varchar(100) DEFAULT NULL,
  `salidas_video` varchar(100) DEFAULT NULL,
  `soporte_apis` varchar(100) DEFAULT NULL,
  `fabricante_controlador` varchar(100) DEFAULT NULL,
  `modelo_red` varchar(100) DEFAULT NULL,
  `velocidad_transferencia` varchar(50) DEFAULT NULL,
  `tipo_conector_fisico` varchar(50) DEFAULT NULL,
  `mac_address` varchar(50) DEFAULT NULL,
  `drivers_sistema` varchar(100) DEFAULT NULL,
  `compatibilidad_sistema` enum('Sí','Parcialmente','No') DEFAULT NULL,
  `tipos_discos` varchar(150) DEFAULT NULL,
  `interfaz_conexion` varchar(50) DEFAULT NULL,
  `tipo_cooler` varchar(50) DEFAULT NULL,
  `consumo_electrico` varchar(50) DEFAULT NULL,
  `detalles` text CHARACTER SET utf8 COLLATE utf8_general_ci DEFAULT NULL,
  `estadoElim` enum('Activo','Inactivo') NOT NULL DEFAULT 'Activo',
  `puertos_internos` varchar(150) DEFAULT NULL,
  `puertos_externos` varchar(150) DEFAULT NULL,
  `cantidad_slot_memoria` int(11) DEFAULT NULL,
  `slot_memoria` varchar(20) DEFAULT NULL,
  `memoria_maxima` varchar(25) DEFAULT NULL COMMENT 'Capacidad máxima de RAM que soporta la placa (en GB)',
  `frecuencias_memoria` varchar(255) DEFAULT NULL COMMENT 'Frecuencias soportadas, puede ser string o lista separada por comas'
) ENGINE=InnoDB DEFAULT CHARSET=utf8mb4 COLLATE=utf8mb4_general_ci;

--
-- Volcado de datos para la tabla `componentes`
--

INSERT INTO `componentes` (`id_componente`, `id_equipo`, `tipo_componente`, `marca`, `modelo`, `arquitectura`, `estado`, `fecha_instalacion`, `ubicacion`, `tipo`, `frecuencia`, `velocidad`, `capacidad`, `consumo`, `rgb_led`, `ranuras_expansion`, `conectores_alimentacion`, `bios_uefi`, `potencia`, `voltajes_fuente`, `nucleos`, `socket`, `soporte_memoria`, `tipo_conector`, `conectividad_soporte`, `salidas_video`, `soporte_apis`, `fabricante_controlador`, `modelo_red`, `velocidad_transferencia`, `tipo_conector_fisico`, `mac_address`, `drivers_sistema`, `compatibilidad_sistema`, `tipos_discos`, `interfaz_conexion`, `tipo_cooler`, `consumo_electrico`, `detalles`, `estadoElim`, `puertos_internos`, `puertos_externos`, `cantidad_slot_memoria`, `slot_memoria`, `memoria_maxima`, `frecuencias_memoria`) VALUES
(61, 29, 'Tarjeta Madre', 'DELL', '3040', NULL, 'Buen Funcionamiento', '2020', NULL, 'DDR3', NULL, NULL, NULL, NULL, NULL, NULL, NULL, 'DELL INC', NULL, NULL, NULL, 'LGA 1151', NULL, NULL, NULL, NULL, NULL, NULL, NULL, NULL, NULL, NULL, NULL, NULL, NULL, NULL, NULL, NULL, NULL, 'Activo', 'SATA', 'HDMI,DisplayPort,DVI,VGA,USB 3.0/3.1 Gen1', 2, NULL, '16', '1600'),
(62, 29, 'Memoria RAM', 'SAMSUNG', NULL, NULL, 'Operativo', NULL, NULL, 'DDR3', '1600MHZ', NULL, '4GB', NULL, NULL, NULL, NULL, NULL, NULL, NULL, NULL, NULL, NULL, NULL, NULL, NULL, NULL, NULL, NULL, NULL, NULL, NULL, NULL, NULL, NULL, NULL, NULL, NULL, NULL, 'Activo', NULL, NULL, NULL, 'Slot 1', NULL, NULL),
(63, 29, 'Procesador', 'INTEL', 'CORE I3', '64', 'Operativo', NULL, NULL, NULL, NULL, NULL, NULL, '65W', NULL, NULL, NULL, NULL, NULL, NULL, 4, 'LGA 1151', NULL, NULL, NULL, NULL, NULL, NULL, NULL, NULL, NULL, NULL, NULL, NULL, NULL, NULL, NULL, NULL, NULL, 'Activo', NULL, NULL, NULL, NULL, NULL, NULL),
(64, 29, 'Fuente de Poder', 'ATX', 'Estándar', NULL, 'Operativo', NULL, NULL, NULL, NULL, NULL, NULL, NULL, NULL, NULL, NULL, NULL, '300W', '+12V,+5V,+3.3V,-12V,12V DC,5V,+1.2V,+2.5V', NULL, NULL, NULL, NULL, NULL, NULL, NULL, NULL, NULL, NULL, NULL, NULL, NULL, NULL, NULL, NULL, NULL, NULL, NULL, 'Activo', NULL, NULL, NULL, NULL, NULL, NULL),
(65, 29, 'Disco Duro', 'WDC', NULL, NULL, 'Operativo', NULL, NULL, 'HDD', NULL, NULL, '500GB', NULL, NULL, NULL, NULL, NULL, NULL, NULL, NULL, NULL, NULL, NULL, NULL, NULL, NULL, NULL, NULL, NULL, NULL, NULL, NULL, NULL, NULL, NULL, NULL, NULL, NULL, 'Activo', NULL, NULL, NULL, NULL, NULL, NULL),
(66, 29, 'Tarjeta Grafica', 'INTEL', 'HD GRAPHICS 530', NULL, 'Operativo', NULL, NULL, NULL, NULL, NULL, '128MB', NULL, NULL, NULL, NULL, NULL, NULL, NULL, NULL, NULL, NULL, NULL, NULL, 'VGA,DVI', NULL, NULL, NULL, NULL, NULL, NULL, NULL, NULL, NULL, NULL, NULL, NULL, NULL, 'Activo', NULL, NULL, NULL, NULL, NULL, NULL),
(67, 29, 'Tarjeta Red', 'REALTEK', 'PCIE GBE', NULL, 'Operativo', NULL, NULL, 'Ethernet (LAN)', NULL, NULL, NULL, NULL, NULL, NULL, NULL, NULL, NULL, NULL, NULL, NULL, NULL, NULL, NULL, NULL, NULL, NULL, NULL, '100 Mbps', NULL, NULL, NULL, NULL, NULL, NULL, NULL, NULL, NULL, 'Activo', NULL, NULL, NULL, NULL, NULL, NULL),
(68, 29, 'Fan Cooler', 'AVC', NULL, NULL, 'Operativo', NULL, 'SOBRE EL PROCESADOR', 'AIRE', NULL, NULL, NULL, '5w', NULL, NULL, NULL, NULL, NULL, NULL, NULL, NULL, NULL, NULL, NULL, NULL, NULL, NULL, NULL, NULL, NULL, NULL, NULL, NULL, NULL, NULL, NULL, NULL, NULL, 'Activo', NULL, NULL, NULL, NULL, NULL, NULL),
(69, 30, 'Tarjeta Madre', 'DELL', 'OYCO3K', NULL, 'Buen Funcionamiento', '2016', NULL, 'DDR3', NULL, NULL, NULL, NULL, NULL, 'PCIe x1,PCIe x16', '6 pines PCIe,6+2 pines PCIe', 'DELL', NULL, NULL, NULL, 'LGA1150', NULL, NULL, NULL, NULL, NULL, NULL, NULL, NULL, NULL, NULL, NULL, NULL, NULL, NULL, NULL, NULL, NULL, 'Activo', 'SATA', 'HDMI,DisplayPort,VGA,USB 2.0,USB 3.0/3.1 Gen1', 2, NULL, '8', '1600'),
(70, 30, 'Memoria RAM', 'SK HYNIX', NULL, NULL, 'Buen Funcionamiento', NULL, NULL, 'DDR3', '1600MHZ', NULL, '2GB', NULL, NULL, NULL, NULL, NULL, NULL, NULL, NULL, NULL, NULL, NULL, NULL, NULL, NULL, NULL, NULL, NULL, NULL, NULL, NULL, NULL, NULL, NULL, NULL, NULL, NULL, 'Activo', NULL, NULL, NULL, 'Slot 1', NULL, NULL),
(71, 30, 'Procesador', 'INTEL', 'CORE I5', '64', 'Buen Funcionamiento', NULL, NULL, NULL, '2.90 GHZ', NULL, NULL, '65W', NULL, NULL, NULL, NULL, NULL, NULL, 4, 'LGA 1150', NULL, NULL, NULL, NULL, NULL, NULL, NULL, NULL, NULL, NULL, NULL, NULL, NULL, NULL, NULL, NULL, NULL, 'Activo', NULL, NULL, NULL, NULL, NULL, NULL),
(72, 30, 'Fuente de Poder', 'DELL', 'H315ES-00', NULL, 'Operativo', NULL, NULL, NULL, NULL, NULL, NULL, NULL, NULL, NULL, NULL, NULL, '315W', '+12V,+5V,-12V,12V DC,5V', NULL, NULL, NULL, NULL, NULL, NULL, NULL, NULL, NULL, NULL, NULL, NULL, NULL, NULL, NULL, NULL, NULL, NULL, NULL, 'Activo', NULL, NULL, NULL, NULL, NULL, NULL),
(73, 30, 'Disco Duro', 'WDC', NULL, NULL, 'Buen Funcionamiento', NULL, NULL, 'HDD', NULL, NULL, '1TB', NULL, NULL, NULL, NULL, NULL, NULL, NULL, NULL, NULL, NULL, NULL, NULL, NULL, NULL, NULL, NULL, NULL, NULL, NULL, NULL, NULL, NULL, NULL, NULL, NULL, NULL, 'Activo', NULL, NULL, NULL, NULL, NULL, NULL),
(74, 30, 'Tarjeta Grafica', 'INTEL', 'HD GRAPHICS 4600', NULL, 'Buen Funcionamiento', NULL, NULL, NULL, NULL, NULL, '113MB', NULL, NULL, NULL, NULL, NULL, NULL, NULL, NULL, NULL, NULL, NULL, NULL, 'VGA', NULL, NULL, NULL, NULL, NULL, NULL, NULL, NULL, NULL, NULL, NULL, NULL, NULL, 'Activo', NULL, NULL, NULL, NULL, NULL, NULL),
(75, 30, 'Tarjeta Red', 'REALTEK', '1217-LM', NULL, 'Buen Funcionamiento', NULL, NULL, 'Ethernet (LAN)', NULL, NULL, NULL, NULL, NULL, NULL, NULL, NULL, NULL, NULL, NULL, NULL, NULL, NULL, NULL, NULL, NULL, NULL, NULL, '100 Mbps', NULL, NULL, NULL, NULL, NULL, NULL, NULL, NULL, NULL, 'Activo', NULL, NULL, NULL, NULL, NULL, NULL),
(76, 30, 'Unidad Optica', 'T55TCORP', NULL, NULL, 'Buen Funcionamiento', NULL, NULL, 'DVD-RW', NULL, NULL, NULL, NULL, NULL, NULL, NULL, NULL, NULL, NULL, NULL, NULL, NULL, NULL, NULL, NULL, NULL, NULL, NULL, NULL, NULL, NULL, NULL, NULL, NULL, NULL, NULL, NULL, NULL, 'Activo', NULL, NULL, NULL, NULL, NULL, NULL),
(77, 30, 'Fan Cooler', 'AVC', NULL, NULL, 'Buen Funcionamiento', NULL, 'SOBRE EL PROCESADOR', 'AIRE', NULL, NULL, NULL, '5w', NULL, NULL, NULL, NULL, NULL, NULL, NULL, NULL, NULL, NULL, NULL, NULL, NULL, NULL, NULL, NULL, NULL, NULL, NULL, NULL, NULL, NULL, NULL, NULL, NULL, 'Activo', NULL, NULL, NULL, NULL, NULL, NULL),
(78, 31, 'Tarjeta Madre', 'MSI', 'MS-7E05', NULL, 'Buen Funcionamiento', '2023', NULL, 'DDR4', NULL, NULL, NULL, NULL, NULL, NULL, 'EPS 4 pines,EPS 8 pines,EPS 4+4 pines,6 pines PCIe,8 pines PCIe,SATA Power', 'AMERICAN MEGATRENDS', NULL, NULL, NULL, 'LGA 1200', NULL, NULL, NULL, NULL, NULL, NULL, NULL, NULL, NULL, NULL, NULL, NULL, NULL, NULL, NULL, NULL, NULL, 'Activo', 'SATA,IDE (PATA),Audio HD header,Fan header (3/4 pines)', 'HDMI,VGA,USB 2.0,USB 3.0/3.1 Gen1', 3, NULL, '32', '3200'),
(79, 31, 'Memoria RAM', 'Kingston', NULL, NULL, 'Buen Funcionamiento', NULL, NULL, 'DDR4', '3200MHZ', NULL, '8GB', NULL, NULL, NULL, NULL, NULL, NULL, NULL, NULL, NULL, NULL, NULL, NULL, NULL, NULL, NULL, NULL, NULL, NULL, NULL, NULL, NULL, NULL, NULL, NULL, NULL, NULL, 'Activo', NULL, NULL, NULL, 'Slot 1', NULL, NULL),
(80, 31, 'Procesador', 'INTEL', 'CORE I5', '64', 'Buen Funcionamiento', NULL, NULL, NULL, '2.90 GHZ', NULL, NULL, '65W', NULL, NULL, NULL, NULL, NULL, NULL, 6, 'LGA 1200', NULL, NULL, NULL, NULL, NULL, NULL, NULL, NULL, NULL, NULL, NULL, NULL, NULL, NULL, NULL, NULL, NULL, 'Activo', NULL, NULL, NULL, NULL, NULL, NULL),
(81, 31, 'Fuente de Poder', 'Seasonic', 'S12III Series', NULL, 'Buen Funcionamiento', NULL, NULL, NULL, NULL, NULL, NULL, NULL, NULL, NULL, NULL, NULL, '500W', '+12V,+5V,-12V,+5VSB,19V DC,12V DC,5V,+3.0V,+2.5V,+24V', NULL, NULL, NULL, NULL, NULL, NULL, NULL, NULL, NULL, NULL, NULL, NULL, NULL, NULL, NULL, NULL, NULL, NULL, NULL, 'Activo', NULL, NULL, NULL, NULL, NULL, NULL),
(82, 31, 'Disco Duro', 'DAHUA', NULL, NULL, 'Buen Funcionamiento', NULL, NULL, 'NVMe', NULL, NULL, '500GB', NULL, NULL, NULL, NULL, NULL, NULL, NULL, NULL, NULL, NULL, NULL, NULL, NULL, NULL, NULL, NULL, NULL, NULL, NULL, NULL, NULL, NULL, NULL, NULL, NULL, NULL, 'Activo', NULL, NULL, NULL, NULL, NULL, NULL),
(83, 31, 'Tarjeta Grafica', 'INTEL', 'HD GRAPHICS 630', NULL, 'Buen Funcionamiento', NULL, NULL, NULL, NULL, NULL, '4GB', NULL, NULL, NULL, NULL, NULL, NULL, NULL, NULL, NULL, NULL, NULL, NULL, 'VGA,HDMI', NULL, NULL, NULL, NULL, NULL, NULL, NULL, NULL, NULL, NULL, NULL, NULL, NULL, 'Activo', NULL, NULL, NULL, NULL, NULL, NULL),
(84, 31, 'Tarjeta Red', 'REALTEK', 'PCIE GBE', NULL, 'Buen Funcionamiento', NULL, NULL, 'Ethernet (LAN)', NULL, NULL, NULL, NULL, NULL, NULL, NULL, NULL, NULL, NULL, NULL, NULL, NULL, NULL, NULL, NULL, NULL, NULL, NULL, '180 Mbps', NULL, NULL, NULL, NULL, NULL, NULL, NULL, NULL, NULL, 'Activo', NULL, NULL, NULL, NULL, NULL, NULL),
(85, 32, 'Tarjeta Madre', 'HEWLETT PACKARD', 'Micro-ATX', NULL, 'Operativo', '2008', NULL, 'DDR2', NULL, NULL, NULL, NULL, NULL, 'ISA,AMR/CNR,PCIe x2,PCIe x4,PCIe x8', 'EPS 4 pines,6 pines PCIe,8 pines PCIe', 'HEWLETT PACKARD', NULL, NULL, NULL, 'LGA 775', NULL, NULL, NULL, NULL, NULL, NULL, NULL, NULL, NULL, NULL, NULL, NULL, NULL, NULL, NULL, NULL, NULL, 'Activo', 'SATA,USB 3.0 header,Audio HD header', 'VGA,USB 2.0,Jack 3.5 mm', 2, NULL, '4GB', '800'),
(86, 32, 'Memoria RAM', 'MT8HTF', NULL, NULL, 'Buen Funcionamiento', NULL, NULL, 'DDR2', '800MHZ', NULL, '2GB', NULL, NULL, NULL, NULL, NULL, NULL, NULL, NULL, NULL, NULL, NULL, NULL, NULL, NULL, NULL, NULL, NULL, NULL, NULL, NULL, NULL, NULL, NULL, NULL, NULL, NULL, 'Activo', NULL, NULL, NULL, 'Slot 1', NULL, NULL),
(87, 32, 'Procesador', 'INTEL', 'CORE2 DUO', '32', 'Buen Funcionamiento', NULL, NULL, NULL, '2.53 GHZ', NULL, NULL, '65W', NULL, NULL, NULL, NULL, NULL, NULL, 2, 'LGA 775', NULL, NULL, NULL, NULL, NULL, NULL, NULL, NULL, NULL, NULL, NULL, NULL, NULL, NULL, NULL, NULL, NULL, 'Activo', NULL, NULL, NULL, NULL, NULL, NULL),
(88, 32, 'Fuente de Poder', 'HP', 'PS-6241-7', NULL, 'Operativo', NULL, NULL, NULL, NULL, NULL, NULL, NULL, NULL, NULL, NULL, NULL, '240W', '+12V,+5V,+3.3V,-12V,19V DC,5V,+3.0V,+1.2V', NULL, NULL, NULL, NULL, NULL, NULL, NULL, NULL, NULL, NULL, NULL, NULL, NULL, NULL, NULL, NULL, NULL, NULL, NULL, 'Activo', NULL, NULL, NULL, NULL, NULL, NULL),
(89, 32, 'Disco Duro', 'HITACHI', NULL, NULL, 'Operativo', NULL, NULL, 'HDD', NULL, NULL, '250GB', NULL, NULL, NULL, NULL, NULL, NULL, NULL, NULL, NULL, NULL, NULL, NULL, NULL, NULL, NULL, NULL, NULL, NULL, NULL, NULL, NULL, NULL, NULL, NULL, NULL, NULL, 'Activo', NULL, NULL, NULL, NULL, NULL, NULL),
(90, 32, 'Tarjeta Grafica', 'GMA', 'G33', NULL, 'Buen Funcionamiento', NULL, NULL, NULL, NULL, NULL, '250MB', NULL, NULL, NULL, NULL, NULL, NULL, NULL, NULL, NULL, NULL, NULL, NULL, 'HDMI', NULL, NULL, NULL, NULL, NULL, NULL, NULL, NULL, NULL, NULL, NULL, NULL, NULL, 'Activo', NULL, NULL, NULL, NULL, NULL, NULL),
(91, 32, 'Tarjeta Red', 'Intel', '82566DM', NULL, 'Operativo', NULL, NULL, 'Ethernet (LAN)', NULL, NULL, NULL, NULL, NULL, NULL, NULL, NULL, NULL, NULL, NULL, NULL, NULL, NULL, NULL, NULL, NULL, NULL, NULL, '100 Mbps', NULL, NULL, NULL, NULL, NULL, NULL, NULL, NULL, NULL, 'Activo', NULL, NULL, NULL, NULL, NULL, NULL),
(92, 32, 'Unidad Optica', 'LIGHSCOIB', NULL, NULL, 'Operativo', NULL, NULL, 'DVD-RW', NULL, NULL, NULL, NULL, NULL, NULL, NULL, NULL, NULL, NULL, NULL, NULL, NULL, NULL, NULL, NULL, NULL, NULL, NULL, NULL, NULL, NULL, NULL, NULL, NULL, NULL, NULL, NULL, NULL, 'Activo', NULL, NULL, NULL, NULL, NULL, NULL),
(93, 32, 'Fan Cooler', 'AVC', NULL, NULL, 'Operativo', NULL, 'SOBRE EL PROCESADOR', 'AIRE', NULL, NULL, NULL, '5w', NULL, NULL, NULL, NULL, NULL, NULL, NULL, NULL, NULL, NULL, NULL, NULL, NULL, NULL, NULL, NULL, NULL, NULL, NULL, NULL, NULL, NULL, NULL, NULL, NULL, 'Activo', NULL, NULL, NULL, NULL, NULL, NULL),
(94, 33, 'Tarjeta Madre', 'HEWLETT', NULL, NULL, 'Buen Funcionamiento', '2008', NULL, 'DDR2', NULL, NULL, NULL, NULL, NULL, NULL, 'EPS 4 pines,EPS 4+4 pines', 'HEWLETT PACKARD', NULL, NULL, NULL, 'LGA 775', NULL, NULL, NULL, NULL, NULL, NULL, NULL, NULL, NULL, NULL, NULL, NULL, NULL, NULL, NULL, NULL, NULL, 'Activo', 'SATA,Audio HD header', 'VGA,USB 2.0,USB 3.0/3.1 Gen1', 2, NULL, '4GB', '800'),
(95, 33, 'Memoria RAM', 'SDRAM', NULL, NULL, 'Operativo', NULL, NULL, 'DDR2', '800MHZ', NULL, '1GB', NULL, NULL, NULL, NULL, NULL, NULL, NULL, NULL, NULL, NULL, NULL, NULL, NULL, NULL, NULL, NULL, NULL, NULL, NULL, NULL, NULL, NULL, NULL, NULL, NULL, NULL, 'Activo', NULL, NULL, NULL, 'Slot 1', NULL, NULL),
(96, 33, 'Procesador', 'INTEL', 'CORE2 DUO', '32', 'Operativo', NULL, NULL, NULL, '2.53 GHZ', NULL, NULL, '65W', NULL, NULL, NULL, NULL, NULL, NULL, 4, 'LGA 775', NULL, NULL, NULL, NULL, NULL, NULL, NULL, NULL, NULL, NULL, NULL, NULL, NULL, NULL, NULL, NULL, NULL, 'Activo', NULL, NULL, NULL, NULL, NULL, NULL),
(97, 33, 'Fuente de Poder', 'ATX', 'ESTANDAR', NULL, 'Operativo', NULL, NULL, NULL, NULL, NULL, NULL, NULL, NULL, NULL, NULL, NULL, '300W', '+12V,+5V,+3.3V,-12V,12V DC,5V', NULL, NULL, NULL, NULL, NULL, NULL, NULL, NULL, NULL, NULL, NULL, NULL, NULL, NULL, NULL, NULL, NULL, NULL, NULL, 'Activo', NULL, NULL, NULL, NULL, NULL, NULL),
(98, 33, 'Disco Duro', 'HITACHI', NULL, NULL, 'Operativo', NULL, NULL, 'HDD', NULL, NULL, '250GB', NULL, NULL, NULL, NULL, NULL, NULL, NULL, NULL, NULL, NULL, NULL, NULL, NULL, NULL, NULL, NULL, NULL, NULL, NULL, NULL, NULL, NULL, NULL, NULL, NULL, NULL, 'Activo', NULL, NULL, NULL, NULL, NULL, NULL),
(99, 33, 'Tarjeta Grafica', 'INTEL', 'Q33 EXPRESS', NULL, 'Operativo', NULL, NULL, NULL, NULL, NULL, '256MB', NULL, NULL, NULL, NULL, NULL, NULL, NULL, NULL, NULL, NULL, NULL, NULL, 'VGA', NULL, NULL, NULL, NULL, NULL, NULL, NULL, NULL, NULL, NULL, NULL, NULL, NULL, 'Activo', NULL, NULL, NULL, NULL, NULL, NULL),
(100, 33, 'Tarjeta Red', 'INTEL', '82566DM', NULL, 'Operativo', NULL, NULL, 'Ethernet (LAN)', NULL, NULL, NULL, NULL, NULL, NULL, NULL, NULL, NULL, NULL, NULL, NULL, NULL, NULL, NULL, NULL, NULL, NULL, NULL, '180 Mbps', NULL, NULL, NULL, NULL, NULL, NULL, NULL, NULL, NULL, 'Activo', NULL, NULL, NULL, NULL, NULL, NULL),
(101, 33, 'Unidad Optica', NULL, NULL, NULL, NULL, NULL, NULL, NULL, NULL, NULL, NULL, NULL, NULL, NULL, NULL, NULL, NULL, NULL, NULL, NULL, NULL, NULL, NULL, NULL, NULL, NULL, NULL, NULL, NULL, NULL, NULL, NULL, NULL, NULL, NULL, NULL, NULL, 'Inactivo', NULL, NULL, NULL, NULL, NULL, NULL),
(102, 33, 'Unidad Optica', 'LIGHSCOIB', NULL, NULL, 'Sin Funcionar', NULL, NULL, 'DVD-ROM', NULL, NULL, NULL, NULL, NULL, NULL, NULL, NULL, NULL, NULL, NULL, NULL, NULL, NULL, NULL, NULL, NULL, NULL, NULL, NULL, NULL, NULL, NULL, NULL, NULL, NULL, NULL, NULL, NULL, 'Activo', NULL, NULL, NULL, NULL, NULL, NULL),
(103, 33, 'Fan Cooler', 'OEM', NULL, NULL, 'Operativo', NULL, 'SOBRE EL PROCESADOR', 'liquido', NULL, NULL, NULL, '5W', NULL, NULL, NULL, NULL, NULL, NULL, NULL, NULL, NULL, NULL, NULL, NULL, NULL, NULL, NULL, NULL, NULL, NULL, NULL, NULL, NULL, NULL, NULL, NULL, NULL, 'Activo', NULL, NULL, NULL, NULL, NULL, NULL),
(104, 34, 'Tarjeta Madre', 'VIT', 'M2100', NULL, 'Operativo', '2016', NULL, 'DDR3', NULL, NULL, NULL, NULL, NULL, NULL, 'EPS 4 pines,6 pines PCIe', 'AMERICAN MEGATRENDS', NULL, NULL, NULL, NULL, NULL, NULL, NULL, NULL, NULL, NULL, NULL, NULL, NULL, NULL, NULL, NULL, NULL, NULL, NULL, NULL, NULL, 'Activo', 'SATA,Audio HD header', 'DisplayPort,VGA,USB 2.0,USB 3.0/3.1 Gen1', 2, NULL, '8GB', '1600'),
(105, 34, 'Memoria RAM', 'SO-DIMM', NULL, NULL, 'Operativo', NULL, NULL, 'DDR3', '1600MHZ', NULL, '2GB', NULL, NULL, NULL, NULL, NULL, NULL, NULL, NULL, NULL, NULL, NULL, NULL, NULL, NULL, NULL, NULL, NULL, NULL, NULL, NULL, NULL, NULL, NULL, NULL, NULL, NULL, 'Activo', NULL, NULL, NULL, 'Slot 2', NULL, NULL),
(106, 34, 'Procesador', 'INTEL', 'PENTIUM N3710', '32', 'Buen Funcionamiento', NULL, NULL, NULL, '2.60 GHZ', NULL, NULL, '65W', NULL, NULL, NULL, NULL, NULL, NULL, 3, NULL, NULL, NULL, NULL, NULL, NULL, NULL, NULL, NULL, NULL, NULL, NULL, NULL, NULL, NULL, NULL, NULL, NULL, 'Activo', NULL, NULL, NULL, NULL, NULL, NULL),
(107, 34, 'Fuente de Poder', 'VIT', 'HKA03619021-8C', NULL, 'Operativo', NULL, NULL, NULL, NULL, NULL, NULL, NULL, NULL, NULL, NULL, NULL, '500W', '+12V,+5V,+3.3V,-12V,5V,+1.2V', NULL, NULL, NULL, NULL, NULL, NULL, NULL, NULL, NULL, NULL, NULL, NULL, NULL, NULL, NULL, NULL, NULL, NULL, NULL, 'Activo', NULL, NULL, NULL, NULL, NULL, NULL),
(108, 34, 'Disco Duro', 'WDC', NULL, NULL, 'Operativo', NULL, NULL, 'HDD', NULL, NULL, '500GB', NULL, NULL, NULL, NULL, NULL, NULL, NULL, NULL, NULL, NULL, NULL, NULL, NULL, NULL, NULL, NULL, NULL, NULL, NULL, NULL, NULL, NULL, NULL, NULL, NULL, NULL, 'Activo', NULL, NULL, NULL, NULL, NULL, NULL),
(109, 34, 'Tarjeta Grafica', 'INTEL', 'HD GRAPHICS', NULL, 'Operativo', NULL, NULL, NULL, NULL, NULL, '114MB', NULL, NULL, NULL, NULL, NULL, NULL, NULL, NULL, NULL, NULL, NULL, NULL, 'VGA,HDMI', NULL, NULL, NULL, NULL, NULL, NULL, NULL, NULL, NULL, NULL, NULL, NULL, NULL, 'Activo', NULL, NULL, NULL, NULL, NULL, NULL),
(110, 34, 'Tarjeta Red', 'REALTEK', 'RTL8188EE', NULL, 'Operativo', NULL, NULL, 'Ethernet (LAN)', NULL, NULL, NULL, NULL, NULL, NULL, NULL, NULL, NULL, NULL, NULL, NULL, NULL, NULL, NULL, NULL, NULL, NULL, NULL, '80 Mbps', NULL, NULL, NULL, NULL, NULL, NULL, NULL, NULL, NULL, 'Activo', NULL, NULL, NULL, NULL, NULL, NULL),
(111, 34, 'Fan Cooler', 'VIT INTEGRADO PASIVO', NULL, NULL, 'Operativo', NULL, 'SOBRE EL PROCESADOR', 'AIRE', NULL, NULL, NULL, '6W', NULL, NULL, NULL, NULL, NULL, NULL, NULL, NULL, NULL, NULL, NULL, NULL, NULL, NULL, NULL, NULL, NULL, NULL, NULL, NULL, NULL, NULL, NULL, NULL, NULL, 'Activo', NULL, NULL, NULL, NULL, NULL, NULL),
(112, 35, 'Tarjeta Madre', 'HEWLETT PACKARD', NULL, NULL, 'Buen Funcionamiento', '2014', NULL, 'DDR3', NULL, NULL, NULL, NULL, NULL, 'PCIe x1,PCIe x16', 'EPS 4 pines', 'HEWLETT PACKARD', NULL, NULL, NULL, 'LGA1150', NULL, NULL, NULL, NULL, NULL, NULL, NULL, NULL, NULL, NULL, NULL, NULL, NULL, NULL, NULL, NULL, NULL, 'Activo', 'SATA', 'VGA,USB 2.0,USB 3.0/3.1 Gen1,RJ-45 Ethernet', 2, NULL, '8GB', '1600'),
(113, 35, 'Memoria RAM', 'MICRO TECNOLOGY', NULL, NULL, 'Operativo', NULL, NULL, 'DDR3', '1600MHZ', NULL, '4GB', NULL, NULL, NULL, NULL, NULL, NULL, NULL, NULL, NULL, NULL, NULL, NULL, NULL, NULL, NULL, NULL, NULL, NULL, NULL, NULL, NULL, NULL, NULL, NULL, NULL, NULL, 'Activo', NULL, NULL, NULL, 'Slot 1', NULL, NULL),
(114, 35, 'Procesador', 'INTEL', 'CORE I3', '32', 'Operativo', NULL, NULL, NULL, '3.40 GHZ', NULL, NULL, '54W', NULL, NULL, NULL, NULL, NULL, NULL, 2, 'LGA 1150', NULL, NULL, NULL, NULL, NULL, NULL, NULL, NULL, NULL, NULL, NULL, NULL, NULL, NULL, NULL, NULL, NULL, 'Activo', NULL, NULL, NULL, NULL, NULL, NULL),
(115, 35, 'Fuente de Poder', 'HP', 'D12-240', NULL, 'Operativo', NULL, NULL, NULL, NULL, NULL, NULL, NULL, NULL, NULL, NULL, NULL, '240W', '+12V,-12V', NULL, NULL, NULL, NULL, NULL, NULL, NULL, NULL, NULL, NULL, NULL, NULL, NULL, NULL, NULL, NULL, NULL, NULL, NULL, 'Activo', NULL, NULL, NULL, NULL, NULL, NULL),
(116, 35, 'Disco Duro', 'KINSTONG', NULL, NULL, 'Operativo', NULL, NULL, 'SSD', NULL, NULL, '500GB', NULL, NULL, NULL, NULL, NULL, NULL, NULL, NULL, NULL, NULL, NULL, NULL, NULL, NULL, NULL, NULL, NULL, NULL, NULL, NULL, NULL, NULL, NULL, NULL, NULL, NULL, 'Activo', NULL, NULL, NULL, NULL, NULL, NULL),
(117, 35, 'Tarjeta Grafica', 'INTEL', 'HD GRAPHICS', NULL, 'Operativo', NULL, NULL, NULL, NULL, NULL, '112MB', NULL, NULL, NULL, NULL, NULL, NULL, NULL, NULL, NULL, NULL, NULL, NULL, 'VGA', NULL, NULL, NULL, NULL, NULL, NULL, NULL, NULL, NULL, NULL, NULL, NULL, NULL, 'Activo', NULL, NULL, NULL, NULL, NULL, NULL),
(118, 35, 'Tarjeta Red', 'REALTEK', 'PCIE GBE', NULL, 'Operativo', NULL, NULL, 'Ethernet (LAN)', NULL, NULL, NULL, NULL, NULL, NULL, NULL, NULL, NULL, NULL, NULL, NULL, NULL, NULL, NULL, NULL, NULL, NULL, NULL, '180 Mbps', NULL, NULL, NULL, NULL, NULL, NULL, NULL, NULL, NULL, 'Activo', NULL, NULL, NULL, NULL, NULL, NULL),
(119, 35, 'Unidad Optica', 'HP', NULL, NULL, 'Operativo', NULL, NULL, 'DVD-ROM', NULL, NULL, NULL, NULL, NULL, NULL, NULL, NULL, NULL, NULL, NULL, NULL, NULL, NULL, NULL, NULL, NULL, NULL, NULL, NULL, NULL, NULL, NULL, NULL, NULL, NULL, NULL, NULL, NULL, 'Activo', NULL, NULL, NULL, NULL, NULL, NULL),
(120, 35, 'Fan Cooler', NULL, NULL, NULL, NULL, NULL, NULL, NULL, NULL, NULL, NULL, NULL, NULL, NULL, NULL, NULL, NULL, NULL, NULL, NULL, NULL, NULL, NULL, NULL, NULL, NULL, NULL, NULL, NULL, NULL, NULL, NULL, NULL, NULL, NULL, NULL, NULL, 'Inactivo', NULL, NULL, NULL, NULL, NULL, NULL),
(121, 35, 'Fan Cooler', 'HP', NULL, NULL, 'Operativo', NULL, 'SOBRE EL PROCESADOR', 'AIRE', NULL, NULL, NULL, '3.6 W', NULL, NULL, NULL, NULL, NULL, NULL, NULL, NULL, NULL, NULL, NULL, NULL, NULL, NULL, NULL, NULL, NULL, NULL, NULL, NULL, NULL, NULL, NULL, NULL, NULL, 'Activo', NULL, NULL, NULL, NULL, NULL, NULL),
(122, 36, 'Tarjeta Madre', 'HEWLETT PACKARD', 'HP', NULL, 'Operativo', '2008', NULL, 'DDR2', NULL, NULL, NULL, NULL, NULL, 'PCIe x1,PCIe x8,PCIe x16', NULL, 'HEWLETT PACKARD', NULL, NULL, NULL, 'LGA 775', NULL, NULL, NULL, NULL, NULL, NULL, NULL, NULL, NULL, NULL, NULL, NULL, NULL, NULL, NULL, NULL, NULL, 'Activo', 'SATA', 'VGA,USB 2.0', 2, NULL, '3GB', '400'),
(123, 36, 'Memoria RAM', 'MICRO TECNOLOGY', NULL, NULL, 'Operativo', NULL, NULL, 'DDR2', '400MHZ', NULL, '3GB', NULL, NULL, NULL, NULL, NULL, NULL, NULL, NULL, NULL, NULL, NULL, NULL, NULL, NULL, NULL, NULL, NULL, NULL, NULL, NULL, NULL, NULL, NULL, NULL, NULL, NULL, 'Activo', NULL, NULL, NULL, 'Slot 1', NULL, NULL),
(124, 36, 'Procesador', 'INTEL', 'CORE2 DUO', '32', 'Operativo', NULL, NULL, NULL, '2.60 GHZ', NULL, NULL, '65W', NULL, NULL, NULL, NULL, NULL, NULL, 2, 'LGA 775', NULL, NULL, NULL, NULL, NULL, NULL, NULL, NULL, NULL, NULL, NULL, NULL, NULL, NULL, NULL, NULL, NULL, 'Activo', NULL, NULL, NULL, NULL, NULL, NULL),
(125, 36, 'Fuente de Poder', 'HP', 'PS-6241-7', NULL, 'Operativo', NULL, NULL, NULL, NULL, NULL, NULL, NULL, NULL, NULL, NULL, NULL, '240W', '+12V,+5V,+3.3V,-12V,+5VSB', NULL, NULL, NULL, NULL, NULL, NULL, NULL, NULL, NULL, NULL, NULL, NULL, NULL, NULL, NULL, NULL, NULL, NULL, NULL, 'Activo', NULL, NULL, NULL, NULL, NULL, NULL),
(126, 36, 'Disco Duro', 'WESTER DIGITAL', NULL, NULL, 'Operativo', NULL, NULL, 'HDD', NULL, NULL, '250GB', NULL, NULL, NULL, NULL, NULL, NULL, NULL, NULL, NULL, NULL, NULL, NULL, NULL, NULL, NULL, NULL, NULL, NULL, NULL, NULL, NULL, NULL, NULL, NULL, NULL, NULL, 'Activo', NULL, NULL, NULL, NULL, NULL, NULL),
(127, 36, 'Tarjeta Grafica', 'INTEL', 'INTEL Q33', NULL, 'Operativo', NULL, NULL, NULL, NULL, NULL, '256MB', NULL, NULL, NULL, NULL, NULL, NULL, NULL, NULL, NULL, NULL, NULL, NULL, 'VGA', NULL, NULL, NULL, NULL, NULL, NULL, NULL, NULL, NULL, NULL, NULL, NULL, NULL, 'Activo', NULL, NULL, NULL, NULL, NULL, NULL),
(128, 36, 'Tarjeta Red', 'INTEL', '82566-DM2', NULL, 'Operativo', NULL, NULL, 'Ethernet (LAN)', NULL, NULL, NULL, NULL, NULL, NULL, NULL, NULL, NULL, NULL, NULL, NULL, NULL, NULL, NULL, NULL, NULL, NULL, NULL, '100 Mbps', NULL, NULL, NULL, NULL, NULL, NULL, NULL, NULL, NULL, 'Activo', NULL, NULL, NULL, NULL, NULL, NULL),
(129, 36, 'Unidad Optica', 'LIGHSCOIB', NULL, NULL, 'Operativo', NULL, NULL, 'DVD-ROM', NULL, NULL, NULL, NULL, NULL, NULL, NULL, NULL, NULL, NULL, NULL, NULL, NULL, NULL, NULL, NULL, NULL, NULL, NULL, NULL, NULL, NULL, NULL, NULL, NULL, NULL, NULL, NULL, NULL, 'Activo', NULL, NULL, NULL, NULL, NULL, NULL),
(130, 36, 'Fan Cooler', 'MASTER COOLER', NULL, NULL, 'Operativo', NULL, 'SOBRE EL PROCESADOR', 'AIRE', NULL, NULL, NULL, '3.6 W', NULL, NULL, NULL, NULL, NULL, NULL, NULL, NULL, NULL, NULL, NULL, NULL, NULL, NULL, NULL, NULL, NULL, NULL, NULL, NULL, NULL, NULL, NULL, NULL, NULL, 'Activo', NULL, NULL, NULL, NULL, NULL, NULL),
(131, 37, 'Tarjeta Madre', 'HEWLETT PACKARD', 'HP', NULL, 'Operativo', '2008', NULL, 'DDR2', NULL, NULL, NULL, NULL, NULL, 'PCI', 'EPS 4 pines,4 pines Molex', 'HEWLETT PACKARD', NULL, NULL, NULL, 'LGA 775', NULL, NULL, NULL, NULL, NULL, NULL, NULL, NULL, NULL, NULL, NULL, NULL, NULL, NULL, NULL, NULL, NULL, 'Activo', 'SATA,USB 2.0 header', 'VGA,USB 2.0,USB 3.0/3.1 Gen1', 4, NULL, '4GB', '800'),
(132, 37, 'Memoria RAM', 'MICRO TECNOLOGY', NULL, NULL, 'Operativo', NULL, NULL, 'DDR2', '800MHZ', NULL, '1GB', NULL, NULL, NULL, NULL, NULL, NULL, NULL, NULL, NULL, NULL, NULL, NULL, NULL, NULL, NULL, NULL, NULL, NULL, NULL, NULL, NULL, NULL, NULL, NULL, NULL, NULL, 'Activo', NULL, NULL, NULL, 'Slot 1', NULL, NULL),
(133, 37, 'Procesador', 'INTEL', 'CORE2 DUO', '32', 'Operativo', NULL, NULL, NULL, '2.53 GHZ', NULL, NULL, '65W', NULL, NULL, NULL, NULL, NULL, NULL, 2, 'LGA 775', NULL, NULL, NULL, NULL, NULL, NULL, NULL, NULL, NULL, NULL, NULL, NULL, NULL, NULL, NULL, NULL, NULL, 'Activo', NULL, NULL, NULL, NULL, NULL, NULL),
(134, 37, 'Fuente de Poder', 'HP', 'PS-6241-7', NULL, 'Operativo', NULL, NULL, NULL, NULL, NULL, NULL, NULL, NULL, NULL, NULL, NULL, '240W', '+12V,+5V,+3.3V,-12V,+5VSB,5V', NULL, NULL, NULL, NULL, NULL, NULL, NULL, NULL, NULL, NULL, NULL, NULL, NULL, NULL, NULL, NULL, NULL, NULL, NULL, 'Activo', NULL, NULL, NULL, NULL, NULL, NULL),
(135, 37, 'Disco Duro', 'WESTER DIGITAL', NULL, NULL, 'Operativo', NULL, NULL, 'HDD', NULL, NULL, '256 GB', NULL, NULL, NULL, NULL, NULL, NULL, NULL, NULL, NULL, NULL, NULL, NULL, NULL, NULL, NULL, NULL, NULL, NULL, NULL, NULL, NULL, NULL, NULL, NULL, NULL, NULL, 'Activo', NULL, NULL, NULL, NULL, NULL, NULL),
(136, 37, 'Tarjeta Grafica', 'INTEL', 'Q33 EXPRESS', NULL, 'Buen Funcionamiento', NULL, NULL, NULL, NULL, NULL, '256MB', NULL, NULL, NULL, NULL, NULL, NULL, NULL, NULL, NULL, NULL, NULL, NULL, 'HDMI', NULL, NULL, NULL, NULL, NULL, NULL, NULL, NULL, NULL, NULL, NULL, NULL, NULL, 'Activo', NULL, NULL, NULL, NULL, NULL, NULL),
(137, 37, 'Tarjeta Red', 'INTEL', '82566-DM2', NULL, 'Operativo', NULL, NULL, 'Ethernet (LAN)', NULL, NULL, NULL, NULL, NULL, NULL, NULL, NULL, NULL, NULL, NULL, NULL, NULL, NULL, NULL, NULL, NULL, NULL, NULL, '100 Mbps', NULL, NULL, NULL, NULL, NULL, NULL, NULL, NULL, NULL, 'Activo', NULL, NULL, NULL, NULL, NULL, NULL),
(138, 37, 'Unidad Optica', 'LIGHSCOIB', NULL, NULL, 'Sin Funcionar', NULL, NULL, 'DVD-ROM', NULL, NULL, NULL, NULL, NULL, NULL, NULL, NULL, NULL, NULL, NULL, NULL, NULL, NULL, NULL, NULL, NULL, NULL, NULL, NULL, NULL, NULL, NULL, NULL, NULL, NULL, NULL, NULL, NULL, 'Activo', NULL, NULL, NULL, NULL, NULL, NULL),
(139, 37, 'Fan Cooler', 'MASTER COOLER', NULL, NULL, 'Operativo', NULL, 'SOBRE EL PROCESADOR', 'AIRE', NULL, NULL, NULL, '3.6 W', NULL, NULL, NULL, NULL, NULL, NULL, NULL, NULL, NULL, NULL, NULL, NULL, NULL, NULL, NULL, NULL, NULL, NULL, NULL, NULL, NULL, NULL, NULL, NULL, NULL, 'Activo', NULL, NULL, NULL, NULL, NULL, NULL),
(140, 38, 'Tarjeta Madre', 'VIT', 'M-2100', NULL, 'Buen Funcionamiento', '2016', NULL, 'DDR3', NULL, NULL, NULL, NULL, NULL, 'PCI,PCIe x1,PCIe x4', NULL, 'AMERICAN MEGATRENDS', NULL, NULL, NULL, 'LGA1170', NULL, NULL, NULL, NULL, NULL, NULL, NULL, NULL, NULL, NULL, NULL, NULL, NULL, NULL, NULL, NULL, NULL, 'Activo', 'SATA,USB 2.0 header', 'HDMI,VGA,USB 2.0,USB 3.0/3.1 Gen1,RJ-45 Ethernet', 2, NULL, '8GB', '1600'),
(141, 38, 'Memoria RAM', 'UNIIC SEMI', NULL, NULL, 'Buen Funcionamiento', NULL, NULL, 'DDR3', '1600MHZ', NULL, '2GB', NULL, NULL, NULL, NULL, NULL, NULL, NULL, NULL, NULL, NULL, NULL, NULL, NULL, NULL, NULL, NULL, NULL, NULL, NULL, NULL, NULL, NULL, NULL, NULL, NULL, NULL, 'Activo', NULL, NULL, NULL, 'Slot 1', NULL, NULL),
(142, 38, 'Procesador', 'INTEL', 'PENTIUM N3710', '32', 'Buen Funcionamiento', NULL, NULL, NULL, '1.60 GHZ', NULL, NULL, '65W', NULL, NULL, NULL, NULL, NULL, NULL, 4, 'LGA 1170', NULL, NULL, NULL, NULL, NULL, NULL, NULL, NULL, NULL, NULL, NULL, NULL, NULL, NULL, NULL, NULL, NULL, 'Activo', NULL, NULL, NULL, NULL, NULL, NULL),
(143, 38, 'Fuente de Poder', 'VIT', 'HKA03619021', NULL, 'Operativo', NULL, NULL, NULL, NULL, NULL, NULL, NULL, NULL, NULL, NULL, NULL, '40W', '19V ; 2.1V', NULL, NULL, NULL, NULL, NULL, NULL, NULL, NULL, NULL, NULL, NULL, NULL, NULL, NULL, NULL, NULL, NULL, NULL, NULL, 'Activo', NULL, NULL, NULL, NULL, NULL, NULL),
(144, 38, 'Disco Duro', 'WDC', NULL, NULL, 'Operativo', NULL, NULL, 'HDD', NULL, NULL, '500GB', NULL, NULL, NULL, NULL, NULL, NULL, NULL, NULL, NULL, NULL, NULL, NULL, NULL, NULL, NULL, NULL, NULL, NULL, NULL, NULL, NULL, NULL, NULL, NULL, NULL, NULL, 'Activo', NULL, NULL, NULL, NULL, NULL, NULL),
(145, 38, 'Tarjeta Grafica', 'INTEL', 'HD GRAPHICS', NULL, 'Operativo', NULL, NULL, NULL, NULL, NULL, '114MB', NULL, NULL, NULL, NULL, NULL, NULL, NULL, NULL, NULL, NULL, NULL, NULL, 'VGA,HDMI', NULL, NULL, NULL, NULL, NULL, NULL, NULL, NULL, NULL, NULL, NULL, NULL, NULL, 'Activo', NULL, NULL, NULL, NULL, NULL, NULL),
(146, 38, 'Tarjeta Red', 'REALTEK', 'RTL8188EE', NULL, 'Buen Funcionamiento', NULL, NULL, 'Ethernet (LAN),Wi-Fi', NULL, NULL, NULL, NULL, NULL, NULL, NULL, NULL, NULL, NULL, NULL, NULL, NULL, NULL, NULL, NULL, NULL, NULL, NULL, '100 Mbps', NULL, NULL, NULL, NULL, NULL, NULL, NULL, NULL, 'POSEE UNA INALAMBRICA DE WIFI IEEE 802.11/B/G/N INTEGRADA DE HASTA 300 MBPS', 'Activo', NULL, NULL, NULL, NULL, NULL, NULL),
(147, 38, 'Fan Cooler', 'OEM', NULL, NULL, 'Buen Funcionamiento', NULL, 'SOBRE EL PROCESADOR', 'AIRE', NULL, NULL, NULL, '3 W', NULL, NULL, NULL, NULL, NULL, NULL, NULL, NULL, NULL, NULL, NULL, NULL, NULL, NULL, NULL, NULL, NULL, NULL, NULL, NULL, NULL, NULL, NULL, NULL, 'REFRIGERACION PASIVA', 'Activo', NULL, NULL, NULL, NULL, NULL, NULL),
(148, 39, 'Tarjeta Madre', 'LENOVO', '9481AD6', NULL, 'Operativo', '2007', NULL, 'DDR2', NULL, NULL, NULL, NULL, NULL, 'PCI,PCIe x1,PCIe x4,PCIe x16', 'EPS 4 pines,4 pines Molex', 'LENOVO', NULL, NULL, NULL, 'LGA 775', NULL, NULL, NULL, NULL, NULL, NULL, NULL, NULL, NULL, NULL, NULL, NULL, NULL, NULL, NULL, NULL, NULL, 'Activo', 'SATA,USB 2.0 header,USB 3.0 header', 'VGA,USB 2.0,RJ-45 Ethernet,Jack 3.5 mm', 4, NULL, '4GB', '667'),
(149, 39, 'Memoria RAM', 'HP', NULL, NULL, 'Operativo', NULL, NULL, 'DDR2', '667MHZ', NULL, '1GB', NULL, NULL, NULL, NULL, NULL, NULL, NULL, NULL, NULL, NULL, NULL, NULL, NULL, NULL, NULL, NULL, NULL, NULL, NULL, NULL, NULL, NULL, NULL, NULL, NULL, NULL, 'Activo', NULL, NULL, NULL, 'Slot 1', NULL, NULL),
(150, 39, 'Procesador', 'INTEL', 'CORE2 DUO', '32', 'Operativo', NULL, NULL, NULL, '2.40 GHZ', NULL, NULL, '65W', NULL, NULL, NULL, NULL, NULL, NULL, 2, 'LGA 775', NULL, NULL, NULL, NULL, NULL, NULL, NULL, NULL, NULL, NULL, NULL, NULL, NULL, NULL, NULL, NULL, NULL, 'Activo', NULL, NULL, NULL, NULL, NULL, NULL),
(151, 39, 'Fuente de Poder', NULL, NULL, NULL, 'Buen Funcionamiento', NULL, NULL, NULL, NULL, NULL, NULL, NULL, NULL, NULL, NULL, NULL, NULL, NULL, NULL, NULL, NULL, NULL, NULL, NULL, NULL, NULL, NULL, NULL, NULL, NULL, NULL, NULL, NULL, NULL, NULL, NULL, NULL, 'Inactivo', NULL, NULL, NULL, NULL, NULL, NULL),
(152, 39, 'Fuente de Poder', 'AC BEL', 'API5PC58', NULL, 'Operativo', NULL, NULL, NULL, NULL, NULL, NULL, NULL, NULL, NULL, NULL, NULL, '240W', '+12V,+5V,+3.3V,-12V,+5VSB', NULL, NULL, NULL, NULL, NULL, NULL, NULL, NULL, NULL, NULL, NULL, NULL, NULL, NULL, NULL, NULL, NULL, NULL, NULL, 'Activo', NULL, NULL, NULL, NULL, NULL, NULL),
(153, 39, 'Disco Duro', 'ITACHI', NULL, NULL, 'Operativo', NULL, NULL, 'HDD', NULL, NULL, '80GB', NULL, NULL, NULL, NULL, NULL, NULL, NULL, NULL, NULL, NULL, NULL, NULL, NULL, NULL, NULL, NULL, NULL, NULL, NULL, NULL, NULL, NULL, NULL, NULL, NULL, NULL, 'Activo', NULL, NULL, NULL, NULL, NULL, NULL),
(154, 39, 'Tarjeta Grafica', 'INTEL', 'GMA 3000', NULL, 'Operativo', NULL, NULL, NULL, NULL, NULL, '256MB', NULL, NULL, NULL, NULL, NULL, NULL, NULL, NULL, NULL, NULL, NULL, NULL, 'VGA', NULL, NULL, NULL, NULL, NULL, NULL, NULL, NULL, NULL, NULL, NULL, NULL, NULL, 'Activo', NULL, NULL, NULL, NULL, NULL, NULL),
(155, 39, 'Tarjeta Red', 'MARUELLYUKON', '88E8056', NULL, 'Operativo', NULL, NULL, 'Ethernet (LAN),Wi-Fi', NULL, NULL, NULL, NULL, NULL, NULL, NULL, NULL, NULL, NULL, NULL, NULL, NULL, NULL, NULL, NULL, NULL, NULL, NULL, '100 Mbps', NULL, NULL, NULL, NULL, NULL, NULL, NULL, NULL, NULL, 'Activo', NULL, NULL, NULL, NULL, NULL, NULL),
(156, 39, 'Unidad Optica', 'HP', NULL, NULL, 'Sin Funcionar', NULL, NULL, 'DVD-ROM', NULL, NULL, NULL, NULL, NULL, NULL, NULL, NULL, NULL, NULL, NULL, NULL, NULL, NULL, NULL, NULL, NULL, NULL, NULL, NULL, NULL, NULL, NULL, NULL, NULL, NULL, NULL, NULL, NULL, 'Activo', NULL, NULL, NULL, NULL, NULL, NULL),
(157, 39, 'Fan Cooler', 'FRU', NULL, NULL, 'Operativo', NULL, 'SOBRE EL PROCESADOR', 'AIRE', NULL, NULL, NULL, '3W', NULL, NULL, NULL, NULL, NULL, NULL, NULL, NULL, NULL, NULL, NULL, NULL, NULL, NULL, NULL, NULL, NULL, NULL, NULL, NULL, NULL, NULL, NULL, NULL, NULL, 'Activo', NULL, NULL, NULL, NULL, NULL, NULL),
(158, 40, 'Tarjeta Madre', 'HEWLETT PACKARD', '18E9', NULL, 'Buen Funcionamiento', '2014', NULL, 'DDR3', NULL, NULL, NULL, NULL, NULL, 'PCIe x1,PCIe x16', NULL, 'HEWLETT PACKARD', NULL, NULL, NULL, 'LGA1150', NULL, NULL, NULL, NULL, NULL, NULL, NULL, NULL, NULL, NULL, NULL, NULL, NULL, NULL, NULL, NULL, NULL, 'Activo', 'SATA,USB 2.0 header,USB 3.0 header', 'VGA,USB 2.0,USB 3.0/3.1 Gen1,RJ-45 Ethernet,Jack 3.5 mm', 2, NULL, '8GB', '1600'),
(159, 40, 'Memoria RAM', 'MICRO TECNOLOGY', NULL, NULL, 'Operativo', NULL, NULL, 'DDR3', '1600MHZ', NULL, '4GB', NULL, NULL, NULL, NULL, NULL, NULL, NULL, NULL, NULL, NULL, NULL, NULL, NULL, NULL, NULL, NULL, NULL, NULL, NULL, NULL, NULL, NULL, NULL, NULL, NULL, NULL, 'Activo', NULL, NULL, NULL, 'Slot 1', NULL, NULL),
(160, 40, 'Procesador', 'INTEL', 'CORE I3', '64', 'Operativo', NULL, NULL, NULL, '3.40 GHZ', NULL, NULL, '54W', NULL, NULL, NULL, NULL, NULL, NULL, 2, 'LGA 1150', NULL, NULL, NULL, NULL, NULL, NULL, NULL, NULL, NULL, NULL, NULL, NULL, NULL, NULL, NULL, NULL, NULL, 'Activo', NULL, NULL, NULL, NULL, NULL, NULL),
(161, 40, 'Fuente de Poder', 'HP', 'D12-240', NULL, 'Operativo', NULL, NULL, NULL, NULL, NULL, NULL, NULL, NULL, NULL, NULL, NULL, '240W', '+12V,+5V,+3.3V,-12V,+5VSB,12V DC,+3.0V', NULL, NULL, NULL, NULL, NULL, NULL, NULL, NULL, NULL, NULL, NULL, NULL, NULL, NULL, NULL, NULL, NULL, NULL, NULL, 'Activo', NULL, NULL, NULL, NULL, NULL, NULL),
(162, 40, 'Disco Duro', 'DNY', NULL, NULL, 'Buen Funcionamiento', NULL, NULL, 'SSD', NULL, NULL, '1TB', NULL, NULL, NULL, NULL, NULL, NULL, NULL, NULL, NULL, NULL, NULL, NULL, NULL, NULL, NULL, NULL, NULL, NULL, NULL, NULL, NULL, NULL, NULL, NULL, NULL, NULL, 'Activo', NULL, NULL, NULL, NULL, NULL, NULL),
(163, 40, 'Tarjeta Grafica', 'INTEL', 'HD GRAPHICS', NULL, 'Buen Funcionamiento', NULL, NULL, NULL, NULL, NULL, '112MB', NULL, NULL, NULL, NULL, NULL, NULL, NULL, NULL, NULL, NULL, NULL, NULL, 'VGA,DVI', NULL, NULL, NULL, NULL, NULL, NULL, NULL, NULL, NULL, NULL, NULL, NULL, NULL, 'Activo', NULL, NULL, NULL, NULL, NULL, NULL),
(164, 40, 'Tarjeta Red', 'REALTEK', 'PCIE GBE', NULL, 'Buen Funcionamiento', NULL, NULL, 'Ethernet (LAN),Wi-Fi', NULL, NULL, NULL, NULL, NULL, NULL, NULL, NULL, NULL, NULL, NULL, NULL, NULL, NULL, NULL, NULL, NULL, NULL, NULL, '180 Mbps', NULL, NULL, NULL, NULL, NULL, NULL, NULL, NULL, NULL, 'Activo', NULL, NULL, NULL, NULL, NULL, NULL),
(165, 40, 'Unidad Optica', 'HP', NULL, NULL, 'Sin Funcionar', NULL, NULL, 'DVD-ROM', NULL, NULL, NULL, NULL, NULL, NULL, NULL, NULL, NULL, NULL, NULL, NULL, NULL, NULL, NULL, NULL, NULL, NULL, NULL, NULL, NULL, NULL, NULL, NULL, NULL, NULL, NULL, NULL, NULL, 'Activo', NULL, NULL, NULL, NULL, NULL, NULL),
(166, 40, 'Fan Cooler', 'HP', NULL, NULL, 'Operativo', NULL, 'SOBRE EL PROCESADOR', 'AIRE', NULL, NULL, NULL, '3W', NULL, NULL, NULL, NULL, NULL, NULL, NULL, NULL, NULL, NULL, NULL, NULL, NULL, NULL, NULL, NULL, NULL, NULL, NULL, NULL, NULL, NULL, NULL, NULL, NULL, 'Activo', NULL, NULL, NULL, NULL, NULL, NULL),
(167, 41, 'Tarjeta Madre', 'HEWLETT PACKARD', '18E9', NULL, 'Operativo', '2014', NULL, 'DDR3', NULL, NULL, NULL, NULL, NULL, 'PCIe x1,PCIe x4,PCIe x16', 'EPS 4 pines,EPS 8 pines,6 pines PCIe,6+2 pines PCIe', 'HEWLETT PACKARD', NULL, NULL, NULL, 'LGA1150', NULL, NULL, NULL, NULL, NULL, NULL, NULL, NULL, NULL, NULL, NULL, NULL, NULL, NULL, NULL, NULL, NULL, 'Activo', 'SATA', 'VGA,USB 2.0,USB 3.0/3.1 Gen1,RJ-45 Ethernet,Jack 3.5 mm', 2, NULL, '8GB', '1600'),
(168, 41, 'Memoria RAM', 'MICRO TECNOLOGY', NULL, NULL, 'Operativo', NULL, NULL, 'DDR3', '1600MHZ', NULL, '4GB', NULL, NULL, NULL, NULL, NULL, NULL, NULL, NULL, NULL, NULL, NULL, NULL, NULL, NULL, NULL, NULL, NULL, NULL, NULL, NULL, NULL, NULL, NULL, NULL, NULL, NULL, 'Activo', NULL, NULL, NULL, 'Slot 1', NULL, NULL),
(169, 41, 'Procesador', 'INTEL', 'CORE I3', '64', 'Operativo', NULL, NULL, NULL, '3.40 GHZ', NULL, NULL, '54W', NULL, NULL, NULL, NULL, NULL, NULL, 2, 'LGA 1150', NULL, NULL, NULL, NULL, NULL, NULL, NULL, NULL, NULL, NULL, NULL, NULL, NULL, NULL, NULL, NULL, NULL, 'Activo', NULL, NULL, NULL, NULL, NULL, NULL),
(170, 41, 'Fuente de Poder', 'HP', 'D12-240', NULL, 'Buen Funcionamiento', NULL, NULL, NULL, NULL, NULL, NULL, NULL, NULL, NULL, NULL, NULL, '240W', '+12V,+5V,+3.3V,-12V,+5VSB,5V', NULL, NULL, NULL, NULL, NULL, NULL, NULL, NULL, NULL, NULL, NULL, NULL, NULL, NULL, NULL, NULL, NULL, NULL, NULL, 'Activo', NULL, NULL, NULL, NULL, NULL, NULL),
(171, 41, 'Disco Duro', 'KINSTONG', NULL, NULL, NULL, NULL, NULL, 'SSD', NULL, NULL, '500GB', NULL, NULL, NULL, NULL, NULL, NULL, NULL, NULL, NULL, NULL, NULL, NULL, NULL, NULL, NULL, NULL, NULL, NULL, NULL, NULL, NULL, NULL, NULL, NULL, NULL, NULL, 'Inactivo', NULL, NULL, NULL, NULL, NULL, NULL),
(172, 41, 'Disco Duro', 'KINSTONG', NULL, NULL, 'Buen Funcionamiento', NULL, NULL, 'SSD', NULL, NULL, '500GB', NULL, NULL, NULL, NULL, NULL, NULL, NULL, NULL, NULL, NULL, NULL, NULL, NULL, NULL, NULL, NULL, NULL, NULL, NULL, NULL, NULL, NULL, NULL, NULL, NULL, NULL, 'Activo', NULL, NULL, NULL, NULL, NULL, NULL),
(173, 41, 'Tarjeta Grafica', 'INTEL', 'HD GRAPHICS', NULL, 'Operativo', NULL, NULL, NULL, NULL, NULL, '112MB', NULL, NULL, NULL, NULL, NULL, NULL, NULL, NULL, NULL, NULL, NULL, NULL, 'VGA,DVI', NULL, NULL, NULL, NULL, NULL, NULL, NULL, NULL, NULL, NULL, NULL, NULL, NULL, 'Activo', NULL, NULL, NULL, NULL, NULL, NULL),
(174, 41, 'Tarjeta Red', 'REALTEK', 'PCIE GBE', NULL, 'Buen Funcionamiento', NULL, NULL, 'Ethernet (LAN),Wi-Fi', NULL, NULL, NULL, NULL, NULL, NULL, NULL, NULL, NULL, NULL, NULL, NULL, NULL, NULL, NULL, NULL, NULL, NULL, NULL, '100 Mbps', NULL, NULL, NULL, NULL, NULL, NULL, NULL, NULL, NULL, 'Activo', NULL, NULL, NULL, NULL, NULL, NULL),
(175, 41, 'Unidad Optica', 'HP', NULL, NULL, 'Sin Funcionar', NULL, NULL, 'DVD-ROM', NULL, NULL, NULL, NULL, NULL, NULL, NULL, NULL, NULL, NULL, NULL, NULL, NULL, NULL, NULL, NULL, NULL, NULL, NULL, NULL, NULL, NULL, NULL, NULL, NULL, NULL, NULL, NULL, NULL, 'Activo', NULL, NULL, NULL, NULL, NULL, NULL),
(176, 41, 'Fan Cooler', 'HP', NULL, NULL, 'Operativo', NULL, 'SOBRE EL PROCESADOR', 'AIRE', NULL, NULL, NULL, '3.6 W', NULL, NULL, NULL, NULL, NULL, NULL, NULL, NULL, NULL, NULL, NULL, NULL, NULL, NULL, NULL, NULL, NULL, NULL, NULL, NULL, NULL, NULL, NULL, NULL, NULL, 'Activo', NULL, NULL, NULL, NULL, NULL, NULL),
(177, 42, 'Tarjeta Madre', 'VIT', 'M2100', NULL, 'Buen Funcionamiento', '2016', NULL, 'DDR3', NULL, NULL, NULL, NULL, NULL, 'PCIe x1,PCIe x2', 'EPS 4 pines,4 pines Molex', 'AMERICAN MEGATRENDS', NULL, NULL, NULL, 'LGA1170', NULL, NULL, NULL, NULL, NULL, NULL, NULL, NULL, NULL, NULL, NULL, NULL, NULL, NULL, NULL, NULL, NULL, 'Activo', 'SATA,USB 2.0 header,USB 3.0 header,Audio HD header', 'VGA,USB 2.0,USB 3.0/3.1 Gen1,RJ-45 Ethernet,Jack 3.5 mm', 4, NULL, '8GB', '1066'),
(178, 42, 'Memoria RAM', 'Kingston', NULL, NULL, 'Buen Funcionamiento', NULL, NULL, 'DDR3', '1066MHZ', NULL, '2GB', NULL, NULL, NULL, NULL, NULL, NULL, NULL, NULL, NULL, NULL, NULL, NULL, NULL, NULL, NULL, NULL, NULL, NULL, NULL, NULL, NULL, NULL, NULL, NULL, NULL, NULL, 'Activo', NULL, NULL, NULL, 'Slot 1', NULL, NULL),
(179, 42, 'Procesador', 'INTEL', 'PENTIUM N3710', '32', 'Operativo', NULL, NULL, NULL, '1.60 GHZ', NULL, NULL, '6W', NULL, NULL, NULL, NULL, NULL, NULL, 4, 'LGA 1170', NULL, NULL, NULL, NULL, NULL, NULL, NULL, NULL, NULL, NULL, NULL, NULL, NULL, NULL, NULL, NULL, NULL, 'Activo', NULL, NULL, NULL, NULL, NULL, NULL),
(180, 42, 'Fuente de Poder', 'VIT', 'HKAG361902180', NULL, 'Operativo', NULL, NULL, NULL, NULL, NULL, NULL, NULL, NULL, NULL, NULL, NULL, '240W', '+12V,+3.3V,-12V,5V', NULL, NULL, NULL, NULL, NULL, NULL, NULL, NULL, NULL, NULL, NULL, NULL, NULL, NULL, NULL, NULL, NULL, NULL, NULL, 'Activo', NULL, NULL, NULL, NULL, NULL, NULL),
(181, 42, 'Disco Duro', 'WDC', NULL, NULL, 'Buen Funcionamiento', NULL, NULL, 'HDD', NULL, NULL, '500GB', NULL, NULL, NULL, NULL, NULL, NULL, NULL, NULL, NULL, NULL, NULL, NULL, NULL, NULL, NULL, NULL, NULL, NULL, NULL, NULL, NULL, NULL, NULL, NULL, NULL, NULL, 'Activo', NULL, NULL, NULL, NULL, NULL, NULL),
(182, 42, 'Tarjeta Grafica', 'INTEL', 'HD GRAPHICS', NULL, 'Operativo', NULL, NULL, NULL, NULL, NULL, '114MB', NULL, NULL, NULL, NULL, NULL, NULL, NULL, NULL, NULL, NULL, NULL, NULL, 'VGA,HDMI', NULL, NULL, NULL, NULL, NULL, NULL, NULL, NULL, NULL, NULL, NULL, NULL, NULL, 'Activo', NULL, NULL, NULL, NULL, NULL, NULL),
(183, 42, 'Tarjeta Red', 'REALTEK', 'DCICGBE', NULL, 'Operativo', NULL, NULL, 'Ethernet (LAN)', NULL, NULL, NULL, NULL, NULL, NULL, NULL, NULL, NULL, NULL, NULL, NULL, NULL, NULL, NULL, NULL, NULL, NULL, NULL, '100 Mbps', NULL, NULL, NULL, NULL, NULL, NULL, NULL, NULL, NULL, 'Activo', NULL, NULL, NULL, NULL, NULL, NULL),
(184, 42, 'Fan Cooler', 'VIT', NULL, NULL, 'Operativo', NULL, 'SOBRE EL PROCESADOR', 'AIRE', NULL, NULL, NULL, '3W', NULL, NULL, NULL, NULL, NULL, NULL, NULL, NULL, NULL, NULL, NULL, NULL, NULL, NULL, NULL, NULL, NULL, NULL, NULL, NULL, NULL, NULL, NULL, NULL, NULL, 'Activo', NULL, NULL, NULL, NULL, NULL, NULL),
(185, 43, 'Tarjeta Madre', 'HEWLETT PACKARD', 'HP', NULL, 'Operativo', '2008', NULL, 'DDR2', NULL, NULL, NULL, NULL, NULL, NULL, NULL, 'HEWLETT PACKARD', NULL, NULL, NULL, 'LGA1150', NULL, NULL, NULL, NULL, NULL, NULL, NULL, NULL, NULL, NULL, NULL, NULL, NULL, NULL, NULL, NULL, 'SUFRE DE RECALENTAMIENTO', 'Activo', 'SATA,USB 2.0 header,USB 3.0 header,Audio HD header', 'VGA,USB 2.0,USB 3.0/3.1 Gen1,RJ-45 Ethernet,Jack 3.5 mm', 4, NULL, '8GB', '800'),
(186, 43, 'Memoria RAM', 'JEDEC', NULL, NULL, 'Operativo', NULL, NULL, 'DDR2', '800MHZ', NULL, '1GB', NULL, NULL, NULL, NULL, NULL, NULL, NULL, NULL, NULL, NULL, NULL, NULL, NULL, NULL, NULL, NULL, NULL, NULL, NULL, NULL, NULL, NULL, NULL, NULL, NULL, NULL, 'Activo', NULL, NULL, NULL, 'Slot 1', NULL, NULL),
(187, 43, 'Memoria RAM', 'JEDEC', NULL, NULL, 'Operativo', NULL, NULL, 'DDR2', '800MHZ', NULL, '1GB', NULL, NULL, NULL, NULL, NULL, NULL, NULL, NULL, NULL, NULL, NULL, NULL, NULL, NULL, NULL, NULL, NULL, NULL, NULL, NULL, NULL, NULL, NULL, NULL, NULL, NULL, 'Activo', NULL, NULL, NULL, 'Slot 2', NULL, NULL),
(188, 43, 'Procesador', 'INTEL', 'CORE2 DUO', '32', 'Operativo', NULL, NULL, NULL, '2.53 GHZ', NULL, NULL, '65W', NULL, NULL, NULL, NULL, NULL, NULL, 2, 'LGA 1150', NULL, NULL, NULL, NULL, NULL, NULL, NULL, NULL, NULL, NULL, NULL, NULL, NULL, NULL, NULL, NULL, NULL, 'Activo', NULL, NULL, NULL, NULL, NULL, NULL),
(189, 43, 'Fuente de Poder', 'HP', 'Estándar', NULL, 'Operativo', NULL, NULL, NULL, NULL, NULL, NULL, NULL, NULL, NULL, NULL, NULL, '300W', '+12V,5V', NULL, NULL, NULL, NULL, NULL, NULL, NULL, NULL, NULL, NULL, NULL, NULL, NULL, NULL, NULL, NULL, NULL, NULL, NULL, 'Activo', NULL, NULL, NULL, NULL, NULL, NULL),
(190, 43, 'Disco Duro', 'HITACHI', NULL, NULL, 'Operativo', NULL, NULL, 'HDD', NULL, NULL, '256 GB', NULL, NULL, NULL, NULL, NULL, NULL, NULL, NULL, NULL, NULL, NULL, NULL, NULL, NULL, NULL, NULL, NULL, NULL, NULL, NULL, NULL, NULL, NULL, NULL, NULL, NULL, 'Activo', NULL, NULL, NULL, NULL, NULL, NULL),
(191, 43, 'Tarjeta Grafica', 'INTEL', 'GMA 3000', NULL, 'Operativo', NULL, NULL, NULL, NULL, NULL, '256MB', NULL, NULL, NULL, NULL, NULL, NULL, NULL, NULL, NULL, NULL, NULL, NULL, 'VGA', NULL, NULL, NULL, NULL, NULL, NULL, NULL, NULL, NULL, NULL, NULL, NULL, NULL, 'Activo', NULL, NULL, NULL, NULL, NULL, NULL),
(192, 43, 'Tarjeta Red', 'INTEL', '82566DM', NULL, 'Operativo', NULL, NULL, 'Ethernet (LAN)', NULL, NULL, NULL, NULL, NULL, NULL, NULL, NULL, NULL, NULL, NULL, NULL, NULL, NULL, NULL, NULL, NULL, NULL, NULL, '180 Mbps', NULL, NULL, NULL, NULL, NULL, NULL, NULL, NULL, NULL, 'Activo', NULL, NULL, NULL, NULL, NULL, NULL),
(193, 43, 'Unidad Optica', 'LIGHSCOIB', NULL, NULL, 'Sin Funcionar', NULL, NULL, 'DVD-ROM', NULL, NULL, NULL, NULL, NULL, NULL, NULL, NULL, NULL, NULL, NULL, NULL, NULL, NULL, NULL, NULL, NULL, NULL, NULL, NULL, NULL, NULL, NULL, NULL, NULL, NULL, NULL, NULL, NULL, 'Activo', NULL, NULL, NULL, NULL, NULL, NULL),
(194, 43, 'Fan Cooler', 'HP', NULL, NULL, 'Operativo', NULL, 'SOBRE EL PROCESADOR', 'AIRE', NULL, NULL, NULL, '3W', NULL, NULL, NULL, NULL, NULL, NULL, NULL, NULL, NULL, NULL, NULL, NULL, NULL, NULL, NULL, NULL, NULL, NULL, NULL, NULL, NULL, NULL, NULL, NULL, NULL, 'Activo', NULL, NULL, NULL, NULL, NULL, NULL),
(195, 44, 'Tarjeta Madre', 'HEWLETT PACKARD', 'HP', NULL, 'Operativo', '2008', NULL, 'DDR2', NULL, NULL, NULL, NULL, NULL, 'AGP,PCIe x1,PCIe x2', 'EPS 4 pines,6 pines PCIe,4 pines Molex', 'HEWLETT PACKARD', NULL, NULL, NULL, 'LGA1150', NULL, NULL, NULL, NULL, NULL, NULL, NULL, NULL, NULL, NULL, NULL, NULL, NULL, NULL, NULL, NULL, NULL, 'Activo', 'SATA', 'VGA,USB 2.0,USB 3.0/3.1 Gen1,RJ-45 Ethernet,Jack 3.5 mm', 4, NULL, '4GB', '800'),
(196, 44, 'Memoria RAM', 'JEDEC', NULL, NULL, 'Operativo', NULL, NULL, 'DDR2', '800MHZ', NULL, '1GB', NULL, NULL, NULL, NULL, NULL, NULL, NULL, NULL, NULL, NULL, NULL, NULL, NULL, NULL, NULL, NULL, NULL, NULL, NULL, NULL, NULL, NULL, NULL, NULL, NULL, NULL, 'Activo', NULL, NULL, NULL, 'Slot 1', NULL, NULL),
(197, 44, 'Procesador', 'INTEL', 'CORE2 DUO', '32', 'Operativo', NULL, NULL, NULL, '2.53 GHZ', NULL, NULL, '65W', NULL, NULL, NULL, NULL, NULL, NULL, 4, 'LGA 1150', NULL, NULL, NULL, NULL, NULL, NULL, NULL, NULL, NULL, NULL, NULL, NULL, NULL, NULL, NULL, NULL, NULL, 'Activo', NULL, NULL, NULL, NULL, NULL, NULL),
(198, 44, 'Fuente de Poder', 'HP', 'Estándar', NULL, 'Operativo', NULL, NULL, NULL, NULL, NULL, NULL, NULL, NULL, NULL, NULL, NULL, '240W', '+12V,+5V,+3.3V,-12V,5V', NULL, NULL, NULL, NULL, NULL, NULL, NULL, NULL, NULL, NULL, NULL, NULL, NULL, NULL, NULL, NULL, NULL, NULL, NULL, 'Activo', NULL, NULL, NULL, NULL, NULL, NULL),
(199, 44, 'Disco Duro', 'HITACHI', NULL, NULL, 'Operativo', NULL, NULL, 'HDD', NULL, NULL, '256 GB', NULL, NULL, NULL, NULL, NULL, NULL, NULL, NULL, NULL, NULL, NULL, NULL, NULL, NULL, NULL, NULL, NULL, NULL, NULL, NULL, NULL, NULL, NULL, NULL, NULL, NULL, 'Activo', NULL, NULL, NULL, NULL, NULL, NULL),
(200, 44, 'Tarjeta Grafica', 'INTEL', 'GMA 3000', NULL, 'Operativo', NULL, NULL, NULL, NULL, NULL, '256MB', NULL, NULL, NULL, NULL, NULL, NULL, NULL, NULL, NULL, NULL, NULL, NULL, 'VGA', NULL, NULL, NULL, NULL, NULL, NULL, NULL, NULL, NULL, NULL, NULL, NULL, NULL, 'Activo', NULL, NULL, NULL, NULL, NULL, NULL),
(201, 44, 'Tarjeta Red', 'INTEL', '82566DM', NULL, 'Operativo', NULL, NULL, 'Ethernet (LAN)', NULL, NULL, NULL, NULL, NULL, NULL, NULL, NULL, NULL, NULL, NULL, NULL, NULL, NULL, NULL, NULL, NULL, NULL, NULL, '180 Mbps', NULL, NULL, NULL, NULL, NULL, NULL, NULL, NULL, NULL, 'Activo', NULL, NULL, NULL, NULL, NULL, NULL),
(202, 44, 'Unidad Optica', 'LIGHSCOIB', NULL, NULL, 'Sin Funcionar', NULL, NULL, 'DVD-ROM', NULL, NULL, NULL, NULL, NULL, NULL, NULL, NULL, NULL, NULL, NULL, NULL, NULL, NULL, NULL, NULL, NULL, NULL, NULL, NULL, NULL, NULL, NULL, NULL, NULL, NULL, NULL, NULL, NULL, 'Activo', NULL, NULL, NULL, NULL, NULL, NULL),
(203, 44, 'Fan Cooler', 'OEM', NULL, NULL, 'Operativo', NULL, 'SOBRE EL PROCESADOR', 'AIRE', NULL, NULL, NULL, '3W', NULL, NULL, NULL, NULL, NULL, NULL, NULL, NULL, NULL, NULL, NULL, NULL, NULL, NULL, NULL, NULL, NULL, NULL, NULL, NULL, NULL, NULL, NULL, NULL, NULL, 'Activo', NULL, NULL, NULL, NULL, NULL, NULL),
(204, 45, 'Tarjeta Madre', 'HEWLETT PACKARD', 'HP', NULL, 'Operativo', '2008', NULL, 'DDR2', NULL, NULL, NULL, NULL, NULL, 'PCIe x1,PCIe x2,PCIe x4', NULL, 'HEWLETT PACKARD', NULL, NULL, NULL, 'LGA1150', NULL, NULL, NULL, NULL, NULL, NULL, NULL, NULL, NULL, NULL, NULL, NULL, NULL, NULL, NULL, NULL, NULL, 'Activo', 'SATA,USB 2.0 header,USB 3.0 header,Audio HD header', 'VGA,USB 2.0,USB 3.0/3.1 Gen1', 4, NULL, '8GB', '800'),
(205, 45, 'Memoria RAM', 'JEDEC', NULL, NULL, 'Operativo', NULL, NULL, 'DDR2', '800MHZ', NULL, '1GB', NULL, NULL, NULL, NULL, NULL, NULL, NULL, NULL, NULL, NULL, NULL, NULL, NULL, NULL, NULL, NULL, NULL, NULL, NULL, NULL, NULL, NULL, NULL, NULL, NULL, NULL, 'Activo', NULL, NULL, NULL, 'Slot 1', NULL, NULL),
(206, 45, 'Procesador', 'INTEL', 'CORE2 DUO', '32', 'Operativo', NULL, NULL, NULL, '2.53 GHZ', NULL, NULL, '54W', NULL, NULL, NULL, NULL, NULL, NULL, 4, 'LGA 1150', NULL, NULL, NULL, NULL, NULL, NULL, NULL, NULL, NULL, NULL, NULL, NULL, NULL, NULL, NULL, NULL, NULL, 'Activo', NULL, NULL, NULL, NULL, NULL, NULL),
(207, 45, 'Fuente de Poder', 'HP', 'Estándar', NULL, 'Operativo', NULL, NULL, NULL, NULL, NULL, NULL, NULL, NULL, NULL, NULL, NULL, '500W', '+12V,+5V,+3.3V,-12V,5V', NULL, NULL, NULL, NULL, NULL, NULL, NULL, NULL, NULL, NULL, NULL, NULL, NULL, NULL, NULL, NULL, NULL, NULL, NULL, 'Activo', NULL, NULL, NULL, NULL, NULL, NULL),
(208, 45, 'Disco Duro', 'HITACHI', NULL, NULL, 'Operativo', NULL, NULL, 'HDD', NULL, NULL, '80GB', NULL, NULL, NULL, NULL, NULL, NULL, NULL, NULL, NULL, NULL, NULL, NULL, NULL, NULL, NULL, NULL, NULL, NULL, NULL, NULL, NULL, NULL, NULL, NULL, NULL, NULL, 'Activo', NULL, NULL, NULL, NULL, NULL, NULL),
(209, 45, 'Tarjeta Grafica', 'INTEL', 'GMA 3100', NULL, 'Operativo', NULL, NULL, NULL, NULL, NULL, '256MB', NULL, NULL, NULL, NULL, NULL, NULL, NULL, NULL, NULL, NULL, NULL, NULL, 'VGA', NULL, NULL, NULL, NULL, NULL, NULL, NULL, NULL, NULL, NULL, NULL, NULL, NULL, 'Activo', NULL, NULL, NULL, NULL, NULL, NULL);
INSERT INTO `componentes` (`id_componente`, `id_equipo`, `tipo_componente`, `marca`, `modelo`, `arquitectura`, `estado`, `fecha_instalacion`, `ubicacion`, `tipo`, `frecuencia`, `velocidad`, `capacidad`, `consumo`, `rgb_led`, `ranuras_expansion`, `conectores_alimentacion`, `bios_uefi`, `potencia`, `voltajes_fuente`, `nucleos`, `socket`, `soporte_memoria`, `tipo_conector`, `conectividad_soporte`, `salidas_video`, `soporte_apis`, `fabricante_controlador`, `modelo_red`, `velocidad_transferencia`, `tipo_conector_fisico`, `mac_address`, `drivers_sistema`, `compatibilidad_sistema`, `tipos_discos`, `interfaz_conexion`, `tipo_cooler`, `consumo_electrico`, `detalles`, `estadoElim`, `puertos_internos`, `puertos_externos`, `cantidad_slot_memoria`, `slot_memoria`, `memoria_maxima`, `frecuencias_memoria`) VALUES
(210, 45, 'Tarjeta Red', 'INTEL', '82566DM', NULL, 'Operativo', NULL, NULL, 'Ethernet (LAN)', NULL, NULL, NULL, NULL, NULL, NULL, NULL, NULL, NULL, NULL, NULL, NULL, NULL, NULL, NULL, NULL, NULL, NULL, NULL, '100 Mbps', NULL, NULL, NULL, NULL, NULL, NULL, NULL, NULL, NULL, 'Activo', NULL, NULL, NULL, NULL, NULL, NULL),
(211, 45, 'Unidad Optica', 'LIGHSCOIB', NULL, NULL, 'Operativo', NULL, NULL, 'DVD-ROM', NULL, NULL, NULL, NULL, NULL, NULL, NULL, NULL, NULL, NULL, NULL, NULL, NULL, NULL, NULL, NULL, NULL, NULL, NULL, NULL, NULL, NULL, NULL, NULL, NULL, NULL, NULL, NULL, NULL, 'Activo', NULL, NULL, NULL, NULL, NULL, NULL),
(212, 45, 'Fan Cooler', 'HP', NULL, NULL, 'Operativo', NULL, 'SOBRE EL PROCESADOR', 'AIRE', NULL, NULL, NULL, '3W', NULL, NULL, NULL, NULL, NULL, NULL, NULL, NULL, NULL, NULL, NULL, NULL, NULL, NULL, NULL, NULL, NULL, NULL, NULL, NULL, NULL, NULL, NULL, NULL, NULL, 'Activo', NULL, NULL, NULL, NULL, NULL, NULL),
(213, 46, 'Tarjeta Madre', 'AMERICAN', 'MEGATRENDS', NULL, 'Operativo', '2016', NULL, 'DDR3', NULL, NULL, NULL, NULL, NULL, 'PCIe x1,PCIe x2,PCIe x4', NULL, 'AMERICAN MEGATRENDS', NULL, NULL, NULL, 'LGA1170', NULL, NULL, NULL, NULL, NULL, NULL, NULL, NULL, NULL, NULL, NULL, NULL, NULL, NULL, NULL, NULL, NULL, 'Activo', 'SATA,USB 2.0 header,USB 3.0 header,Audio HD header', 'VGA,USB 2.0,USB 3.0/3.1 Gen1,RJ-45 Ethernet,RJ-11', 4, NULL, '8GB', '1600'),
(214, 46, 'Memoria RAM', 'Kingston', NULL, NULL, 'Operativo', NULL, NULL, 'DDR3', '1600MHZ', NULL, '2GB', NULL, NULL, NULL, NULL, NULL, NULL, NULL, NULL, NULL, NULL, NULL, NULL, NULL, NULL, NULL, NULL, NULL, NULL, NULL, NULL, NULL, NULL, NULL, NULL, NULL, NULL, 'Activo', NULL, NULL, NULL, 'Slot 1', NULL, NULL),
(215, 46, 'Procesador', 'INTEL', 'PENTIUM N3710', '32', 'Operativo', NULL, NULL, NULL, '1.60 GHZ', NULL, NULL, '6W', NULL, NULL, NULL, NULL, NULL, NULL, 4, 'LGA 1170', NULL, NULL, NULL, NULL, NULL, NULL, NULL, NULL, NULL, NULL, NULL, NULL, NULL, NULL, NULL, NULL, NULL, 'Activo', NULL, NULL, NULL, NULL, NULL, NULL),
(216, 46, 'Fuente de Poder', 'VIT', 'HKAG361902180', NULL, 'Operativo', NULL, NULL, NULL, NULL, NULL, NULL, NULL, NULL, NULL, NULL, NULL, '240W', '+12V,+5V,+3.3V,-12V,5V', NULL, NULL, NULL, NULL, NULL, NULL, NULL, NULL, NULL, NULL, NULL, NULL, NULL, NULL, NULL, NULL, NULL, NULL, NULL, 'Activo', NULL, NULL, NULL, NULL, NULL, NULL),
(217, 46, 'Disco Duro', 'WDC', NULL, NULL, 'Operativo', NULL, NULL, 'HDD', NULL, NULL, '500GB', NULL, NULL, NULL, NULL, NULL, NULL, NULL, NULL, NULL, NULL, NULL, NULL, NULL, NULL, NULL, NULL, NULL, NULL, NULL, NULL, NULL, NULL, NULL, NULL, NULL, NULL, 'Activo', NULL, NULL, NULL, NULL, NULL, NULL),
(218, 46, 'Tarjeta Grafica', 'INTEL', 'HD GRAPHICS', NULL, 'Buen Funcionamiento', NULL, NULL, NULL, NULL, NULL, '113MB', NULL, NULL, NULL, NULL, NULL, NULL, NULL, NULL, NULL, NULL, NULL, NULL, 'VGA', NULL, NULL, NULL, NULL, NULL, NULL, NULL, NULL, NULL, NULL, NULL, NULL, NULL, 'Activo', NULL, NULL, NULL, NULL, NULL, NULL),
(219, 46, 'Tarjeta Red', 'REALTEK', 'PCIE GBE', NULL, 'Buen Funcionamiento', NULL, NULL, 'Ethernet (LAN)', NULL, NULL, NULL, NULL, NULL, NULL, NULL, NULL, NULL, NULL, NULL, NULL, NULL, NULL, NULL, NULL, NULL, NULL, NULL, '100 Mbps', NULL, NULL, NULL, NULL, NULL, NULL, NULL, NULL, NULL, 'Activo', NULL, NULL, NULL, NULL, NULL, NULL),
(220, 46, 'Fan Cooler', 'OEM', NULL, NULL, 'Operativo', NULL, 'SOBRE EL PROCESADOR', 'AIRE', NULL, NULL, NULL, '3W', NULL, NULL, NULL, NULL, NULL, NULL, NULL, NULL, NULL, NULL, NULL, NULL, NULL, NULL, NULL, NULL, NULL, NULL, NULL, NULL, NULL, NULL, NULL, NULL, NULL, 'Activo', NULL, NULL, NULL, NULL, NULL, NULL),
(221, 47, 'Tarjeta Madre', 'AMERICAN', 'MEGATRENDS', NULL, 'Operativo', '2016', NULL, 'DDR3', NULL, NULL, NULL, NULL, NULL, NULL, NULL, 'AMERICAN MEGATRENDS', NULL, NULL, NULL, 'LGA1170', NULL, NULL, NULL, NULL, NULL, NULL, NULL, NULL, NULL, NULL, NULL, NULL, NULL, NULL, NULL, NULL, NULL, 'Activo', 'SATA', 'VGA,USB 2.0,USB 3.0/3.1 Gen1', 4, NULL, '8GB', '1600'),
(222, 47, 'Memoria RAM', 'Kingston', NULL, NULL, 'Operativo', NULL, NULL, 'DDR3', '1600MHZ', NULL, '2GB', NULL, NULL, NULL, NULL, NULL, NULL, NULL, NULL, NULL, NULL, NULL, NULL, NULL, NULL, NULL, NULL, NULL, NULL, NULL, NULL, NULL, NULL, NULL, NULL, NULL, NULL, 'Activo', NULL, NULL, NULL, 'Slot 1', NULL, NULL),
(223, 47, 'Procesador', 'INTEL', 'PENTIUM N3710', '32', 'Operativo', NULL, NULL, NULL, '1.60 GHZ', NULL, NULL, '6W', NULL, NULL, NULL, NULL, NULL, NULL, 4, 'LGA 1170', NULL, NULL, NULL, NULL, NULL, NULL, NULL, NULL, NULL, NULL, NULL, NULL, NULL, NULL, NULL, NULL, NULL, 'Activo', NULL, NULL, NULL, NULL, NULL, NULL),
(224, 47, 'Fuente de Poder', 'VIT', 'HKAG361902180', NULL, 'Operativo', NULL, NULL, NULL, NULL, NULL, NULL, NULL, NULL, NULL, NULL, NULL, '240W', '+12V,+5V,+3.3V,-12V,5V', NULL, NULL, NULL, NULL, NULL, NULL, NULL, NULL, NULL, NULL, NULL, NULL, NULL, NULL, NULL, NULL, NULL, NULL, NULL, 'Activo', NULL, NULL, NULL, NULL, NULL, NULL),
(225, 47, 'Disco Duro', 'WDC', NULL, NULL, 'Operativo', NULL, NULL, 'HDD', NULL, NULL, '500GB', NULL, NULL, NULL, NULL, NULL, NULL, NULL, NULL, NULL, NULL, NULL, NULL, NULL, NULL, NULL, NULL, NULL, NULL, NULL, NULL, NULL, NULL, NULL, NULL, NULL, NULL, 'Activo', NULL, NULL, NULL, NULL, NULL, NULL),
(226, 47, 'Tarjeta Grafica', 'INTEL', 'HD GRAPHICS', NULL, 'Operativo', NULL, NULL, NULL, NULL, NULL, '114MB', NULL, NULL, NULL, NULL, NULL, NULL, NULL, NULL, NULL, NULL, NULL, NULL, 'VGA,HDMI', NULL, NULL, NULL, NULL, NULL, NULL, NULL, NULL, NULL, NULL, NULL, NULL, NULL, 'Activo', NULL, NULL, NULL, NULL, NULL, NULL),
(227, 47, 'Tarjeta Red', 'REALTEK', 'PCIE GBE', NULL, 'Buen Funcionamiento', NULL, NULL, 'Ethernet (LAN)', NULL, NULL, NULL, NULL, NULL, NULL, NULL, NULL, NULL, NULL, NULL, NULL, NULL, NULL, NULL, NULL, NULL, NULL, NULL, '100 Mbps', NULL, NULL, NULL, NULL, NULL, NULL, NULL, NULL, NULL, 'Activo', NULL, NULL, NULL, NULL, NULL, NULL),
(228, 47, 'Fan Cooler', 'VIT', NULL, NULL, 'Operativo', NULL, 'SOBRE EL PROCESADOR', 'AIRE', NULL, NULL, NULL, '3W', NULL, NULL, NULL, NULL, NULL, NULL, NULL, NULL, NULL, NULL, NULL, NULL, NULL, NULL, NULL, NULL, NULL, NULL, NULL, NULL, NULL, NULL, NULL, NULL, NULL, 'Activo', NULL, NULL, NULL, NULL, NULL, NULL),
(229, 48, 'Tarjeta Madre', 'DELL', 'OSYGC8', NULL, 'Operativo', '2017', NULL, 'DDR3', NULL, NULL, NULL, NULL, NULL, 'PCI,PCIe x1,PCIe x2,PCIe x4', 'EPS 4 pines,6 pines PCIe', 'DELL', NULL, NULL, NULL, 'LGA1151', NULL, NULL, NULL, NULL, NULL, NULL, NULL, NULL, NULL, NULL, NULL, NULL, NULL, NULL, NULL, NULL, NULL, 'Activo', 'SATA', 'HDMI,DisplayPort,VGA,USB 2.0,USB 3.0/3.1 Gen1,USB 3.2 Gen2,RJ-45 Ethernet,RJ-11,Jack 3.5 mm', 4, NULL, '8GB', '1600'),
(230, 48, 'Memoria RAM', 'SAMSUNG', NULL, NULL, 'Operativo', NULL, NULL, 'DDR3', '1600MHZ', NULL, '2GB', NULL, NULL, NULL, NULL, NULL, NULL, NULL, NULL, NULL, NULL, NULL, NULL, NULL, NULL, NULL, NULL, NULL, NULL, NULL, NULL, NULL, NULL, NULL, NULL, NULL, NULL, 'Activo', NULL, NULL, NULL, 'Slot 1', NULL, NULL),
(231, 48, 'Procesador', 'INTEL', 'CORE I3', '64', 'Operativo', NULL, NULL, NULL, '3.40 GHZ', NULL, NULL, '54W', NULL, NULL, NULL, NULL, NULL, NULL, 4, 'LGA 1151', NULL, NULL, NULL, NULL, NULL, NULL, NULL, NULL, NULL, NULL, NULL, NULL, NULL, NULL, NULL, NULL, NULL, 'Activo', NULL, NULL, NULL, NULL, NULL, NULL),
(232, 48, 'Fuente de Poder', 'DELL', 'H180AS00', NULL, 'Operativo', NULL, NULL, NULL, NULL, NULL, NULL, NULL, NULL, NULL, NULL, NULL, '315W', '+12V,+5V,+3.3V,5V', NULL, NULL, NULL, NULL, NULL, NULL, NULL, NULL, NULL, NULL, NULL, NULL, NULL, NULL, NULL, NULL, NULL, NULL, NULL, 'Activo', NULL, NULL, NULL, NULL, NULL, NULL),
(233, 48, 'Disco Duro', 'KINSTONG', NULL, NULL, 'Buen Funcionamiento', NULL, NULL, 'SSD', NULL, NULL, '500GB', NULL, NULL, NULL, NULL, NULL, NULL, NULL, NULL, NULL, NULL, NULL, NULL, NULL, NULL, NULL, NULL, NULL, NULL, NULL, NULL, NULL, NULL, NULL, NULL, NULL, NULL, 'Activo', NULL, NULL, NULL, NULL, NULL, NULL),
(234, 48, 'Tarjeta Grafica', 'INTEL', 'HD GRAPHICS', NULL, 'Operativo', NULL, NULL, NULL, NULL, NULL, '128MB', NULL, NULL, NULL, NULL, NULL, NULL, NULL, NULL, NULL, NULL, NULL, NULL, 'VGA', NULL, NULL, NULL, NULL, NULL, NULL, NULL, NULL, NULL, NULL, NULL, NULL, NULL, 'Activo', NULL, NULL, NULL, NULL, NULL, NULL),
(235, 48, 'Tarjeta Red', 'REALTEK', 'PCIE GBE', NULL, 'Buen Funcionamiento', NULL, NULL, 'Ethernet (LAN),Wi-Fi', NULL, NULL, NULL, NULL, NULL, NULL, NULL, NULL, NULL, NULL, NULL, NULL, NULL, NULL, NULL, NULL, NULL, NULL, NULL, '100 Mbps', NULL, NULL, NULL, NULL, NULL, NULL, NULL, NULL, NULL, 'Activo', NULL, NULL, NULL, NULL, NULL, NULL),
(236, 48, 'Unidad Optica', 'KINGSTON', NULL, NULL, 'Operativo', NULL, NULL, 'DVD-ROM', NULL, NULL, NULL, NULL, NULL, NULL, NULL, NULL, NULL, NULL, NULL, NULL, NULL, NULL, NULL, NULL, NULL, NULL, NULL, NULL, NULL, NULL, NULL, NULL, NULL, NULL, NULL, NULL, NULL, 'Activo', NULL, NULL, NULL, NULL, NULL, NULL),
(237, 48, 'Fan Cooler', 'OEM', NULL, NULL, 'Operativo', NULL, 'SOBRE EL PROCESADOR', 'AIRE', NULL, NULL, NULL, '3W', NULL, NULL, NULL, NULL, NULL, NULL, NULL, NULL, NULL, NULL, NULL, NULL, NULL, NULL, NULL, NULL, NULL, NULL, NULL, NULL, NULL, NULL, NULL, NULL, NULL, 'Activo', NULL, NULL, NULL, NULL, NULL, NULL),
(238, 49, 'Tarjeta Madre', 'HEWLETT PACKARD', 'HP', NULL, 'Operativo', '2008', NULL, 'DDR2', NULL, NULL, NULL, NULL, NULL, 'PCI,PCIe x1,PCIe x2,PCIe x4', 'EPS 4 pines,6 pines PCIe', 'HEWLETT PACKARD', NULL, NULL, NULL, 'LGA 775', NULL, NULL, NULL, NULL, NULL, NULL, NULL, NULL, NULL, NULL, NULL, NULL, NULL, NULL, NULL, NULL, NULL, 'Activo', 'SATA,USB 2.0 header,USB 3.0 header,Audio HD header', 'HDMI,USB 2.0,USB 3.0/3.1 Gen1,RJ-45 Ethernet,Jack 3.5 mm', 4, NULL, '8GB', '800'),
(239, 49, 'Memoria RAM', 'SAMSUNG', NULL, NULL, 'Operativo', NULL, NULL, 'DDR2', '800MHZ', NULL, '1GB', NULL, NULL, NULL, NULL, NULL, NULL, NULL, NULL, NULL, NULL, NULL, NULL, NULL, NULL, NULL, NULL, NULL, NULL, NULL, NULL, NULL, NULL, NULL, NULL, NULL, NULL, 'Activo', NULL, NULL, NULL, 'Slot 1', NULL, NULL),
(240, 49, 'Procesador', 'INTEL', 'CORE2 DUO', '32', 'Operativo', NULL, NULL, NULL, '2.53 GHZ', NULL, NULL, '65W', NULL, NULL, NULL, NULL, NULL, NULL, 2, 'LGA 775', NULL, NULL, NULL, NULL, NULL, NULL, NULL, NULL, NULL, NULL, NULL, NULL, NULL, NULL, NULL, NULL, NULL, 'Activo', NULL, NULL, NULL, NULL, NULL, NULL),
(241, 49, 'Fuente de Poder', 'HP', 'Estándar', NULL, 'Operativo', NULL, NULL, NULL, NULL, NULL, NULL, NULL, NULL, NULL, NULL, NULL, '240W', '+12V,+5V,+3.3V,-12V,5V', NULL, NULL, NULL, NULL, NULL, NULL, NULL, NULL, NULL, NULL, NULL, NULL, NULL, NULL, NULL, NULL, NULL, NULL, NULL, 'Activo', NULL, NULL, NULL, NULL, NULL, NULL),
(242, 49, 'Disco Duro', 'WDC', NULL, NULL, 'Operativo', NULL, NULL, 'HDD', NULL, NULL, '500GB', NULL, NULL, NULL, NULL, NULL, NULL, NULL, NULL, NULL, NULL, NULL, NULL, NULL, NULL, NULL, NULL, NULL, NULL, NULL, NULL, NULL, NULL, NULL, NULL, NULL, 'LENTO', 'Activo', NULL, NULL, NULL, NULL, NULL, NULL),
(243, 49, 'Tarjeta Grafica', 'INTEL', 'Q33 EXPRESS', NULL, 'Operativo', NULL, NULL, NULL, NULL, NULL, '256MB', NULL, NULL, NULL, NULL, NULL, NULL, NULL, NULL, NULL, NULL, NULL, NULL, 'VGA', NULL, NULL, NULL, NULL, NULL, NULL, NULL, NULL, NULL, NULL, NULL, NULL, NULL, 'Activo', NULL, NULL, NULL, NULL, NULL, NULL),
(244, 49, 'Tarjeta Red', 'INTEL', '82566DM', NULL, 'Operativo', NULL, NULL, 'Ethernet (LAN)', NULL, NULL, NULL, NULL, NULL, NULL, NULL, NULL, NULL, NULL, NULL, NULL, NULL, NULL, NULL, NULL, NULL, NULL, NULL, '100 Mbps', NULL, NULL, NULL, NULL, NULL, NULL, NULL, NULL, NULL, 'Activo', NULL, NULL, NULL, NULL, NULL, NULL),
(245, 49, 'Unidad Optica', 'DL HITACHI', NULL, NULL, 'Sin Funcionar', NULL, NULL, 'DVD-ROM', NULL, NULL, NULL, NULL, NULL, NULL, NULL, NULL, NULL, NULL, NULL, NULL, NULL, NULL, NULL, NULL, NULL, NULL, NULL, NULL, NULL, NULL, NULL, NULL, NULL, NULL, NULL, NULL, NULL, 'Activo', NULL, NULL, NULL, NULL, NULL, NULL),
(246, 49, 'Fan Cooler', 'HP', NULL, NULL, 'Operativo', NULL, 'SOBRE EL PROCESADOR', 'AIRE', NULL, NULL, NULL, '3.6 W', NULL, NULL, NULL, NULL, NULL, NULL, NULL, NULL, NULL, NULL, NULL, NULL, NULL, NULL, NULL, NULL, NULL, NULL, NULL, NULL, NULL, NULL, NULL, NULL, NULL, 'Activo', NULL, NULL, NULL, NULL, NULL, NULL);

-- --------------------------------------------------------

--
-- Estructura de tabla para la tabla `componentes_opcionales`
--

CREATE TABLE `componentes_opcionales` (
  `id_opcional` int(11) NOT NULL,
  `id_equipo` int(11) NOT NULL,
  `tipo_opcional` enum('Memoria Ram','Disco Duro','Fan Cooler','Tarjeta Grafica','Tarjeta de Red','Tarjeta WiFi','Tarjeta de Sonido') NOT NULL,
  `marca` varchar(50) DEFAULT NULL,
  `modelo` varchar(50) DEFAULT NULL,
  `capacidad` varchar(50) DEFAULT NULL,
  `frecuencia` varchar(50) DEFAULT NULL,
  `tipo` varchar(50) DEFAULT NULL,
  `consumo` varchar(50) DEFAULT NULL,
  `ubicacion` varchar(100) DEFAULT NULL,
  `salidas_video` varchar(100) DEFAULT NULL,
  `salidas_audio` varchar(100) CHARACTER SET utf8 COLLATE utf8_general_ci DEFAULT NULL,
  `vrm` varchar(50) DEFAULT NULL,
  `drivers` varchar(255) DEFAULT NULL,
  `compatibilidad` varchar(100) DEFAULT NULL,
  `velocidad` varchar(50) DEFAULT NULL,
  `seguridad` varchar(50) DEFAULT NULL,
  `bluetooth` enum('Sí','No') DEFAULT NULL,
  `protocolos` varchar(100) DEFAULT NULL,
  `canales` varchar(50) DEFAULT NULL,
  `resolucion_audio` varchar(50) DEFAULT NULL,
  `estado` enum('Buen Funcionamiento','Operativo','Sin Funcionar') NOT NULL DEFAULT 'Buen Funcionamiento',
  `detalles` text DEFAULT NULL,
  `estadoElim` enum('Activo','Inactivo') NOT NULL DEFAULT 'Activo',
  `slot_memoria` varchar(20) DEFAULT NULL
) ENGINE=InnoDB DEFAULT CHARSET=utf8mb4 COLLATE=utf8mb4_general_ci;

--
-- Volcado de datos para la tabla `componentes_opcionales`
--

INSERT INTO `componentes_opcionales` (`id_opcional`, `id_equipo`, `tipo_opcional`, `marca`, `modelo`, `capacidad`, `frecuencia`, `tipo`, `consumo`, `ubicacion`, `salidas_video`, `salidas_audio`, `vrm`, `drivers`, `compatibilidad`, `velocidad`, `seguridad`, `bluetooth`, `protocolos`, `canales`, `resolucion_audio`, `estado`, `detalles`, `estadoElim`, `slot_memoria`) VALUES
(18, 12, 'Tarjeta WiFi', 'TP-LINK', 'TP-LINK', '', '2400MHz', 'USB', '', NULL, '', '', NULL, 'Windows 10', 'Si', '100Mbs', 'WEP, WPA, WPA2-PSK, WPA2-Enterprise', 'Sí', NULL, '', NULL, 'Operativo', '', 'Inactivo', NULL),
(22, 12, 'Tarjeta WiFi', 'TP-LINK', 'TP-LINK', '', '2400MHz', 'USB', '', NULL, '', '', NULL, 'Windows 10', 'Si', '100Mbs', 'WEP, WPA, WPA2-PSK', 'No', NULL, '', NULL, 'Operativo', '', 'Inactivo', ''),
(28, 12, 'Tarjeta de Sonido', 'Realtek', 'Xonar', '', '', '', '', NULL, '', 'Jack 3.5mm (analógico), RCA', NULL, 'Windows 7', 'Si', '', '', NULL, NULL, 'Estéreo (2.0), Surround 7.1 (8 canales)', '16-bit / 44.1 kHz (CD)', 'Operativo', '', 'Inactivo', ''),
(29, 12, 'Memoria Ram', 'Kington', '', '8GB', '3200MHZ', 'DDR3', '', NULL, '', '', NULL, NULL, '', '', '', NULL, NULL, '', NULL, 'Operativo', '', 'Inactivo', 'Slot 1'),
(30, 12, 'Memoria Ram', 'Kington', '', '4 GB', '800MHZ', 'DDR3', '', NULL, '', '', NULL, NULL, '', '', '', NULL, NULL, '', NULL, 'Operativo', '', 'Inactivo', 'Slot 2'),
(44, 30, 'Memoria Ram', 'SK HYNIX', NULL, '2 GB', '1600MHZ', 'DDR3', NULL, NULL, NULL, NULL, NULL, NULL, NULL, NULL, NULL, NULL, NULL, NULL, NULL, 'Buen Funcionamiento', NULL, 'Activo', 'Slot 2'),
(45, 33, 'Memoria Ram', 'HEWLETT PACKARD', NULL, '1 GB', '800MHZ', 'DDR2', NULL, NULL, NULL, NULL, NULL, NULL, NULL, NULL, NULL, NULL, NULL, NULL, NULL, 'Operativo', NULL, 'Activo', 'Slot 2'),
(46, 38, 'Tarjeta de Red', '', '', NULL, NULL, NULL, NULL, NULL, NULL, NULL, NULL, '', '', '', NULL, NULL, NULL, NULL, NULL, 'Operativo', NULL, 'Activo', NULL),
(47, 43, 'Memoria Ram', 'JEDEC', NULL, '1 GB', '800MHZ', 'DDR2', NULL, NULL, NULL, NULL, NULL, NULL, NULL, NULL, NULL, NULL, NULL, NULL, NULL, 'Operativo', NULL, 'Activo', 'Slot 3'),
(48, 44, 'Memoria Ram', 'JEDEC', NULL, '1 GB', '800MHZ', 'DDR2', NULL, NULL, NULL, NULL, NULL, NULL, NULL, NULL, NULL, NULL, NULL, NULL, NULL, 'Buen Funcionamiento', NULL, 'Activo', 'Slot 2'),
(49, 44, 'Memoria Ram', 'JEDEC', NULL, '1 GB', '800MHZ', 'DDR2', NULL, NULL, NULL, NULL, NULL, NULL, NULL, NULL, NULL, NULL, NULL, NULL, NULL, 'Operativo', NULL, 'Activo', 'Slot 3'),
(50, 45, 'Memoria Ram', 'JEDEC', NULL, '1 GB', '800MHZ', 'DDR2', NULL, NULL, NULL, NULL, NULL, NULL, NULL, NULL, NULL, NULL, NULL, NULL, NULL, 'Operativo', NULL, 'Activo', 'Slot 2'),
(51, 45, 'Memoria Ram', 'JEDEC', NULL, '1 GB', '800MHZ', 'DDR2', NULL, NULL, NULL, NULL, NULL, NULL, NULL, NULL, NULL, NULL, NULL, NULL, NULL, 'Operativo', NULL, 'Activo', 'Slot 3'),
(52, 48, 'Memoria Ram', 'SAMSUNG', NULL, '2 GB', '1600MHZ', 'DDR3', NULL, NULL, NULL, NULL, NULL, NULL, NULL, NULL, NULL, NULL, NULL, NULL, NULL, 'Operativo', NULL, 'Activo', 'Slot 2');

-- --------------------------------------------------------

--
-- Estructura de tabla para la tabla `componentes_tecnologia`
--

CREATE TABLE `componentes_tecnologia` (
  `tipo_componente` varchar(50) NOT NULL,
  `tipo` varchar(50) NOT NULL,
  `vida_util_anios` int(11) NOT NULL,
  `peso_importancia` int(11) NOT NULL DEFAULT 1,
  `anio_lanzamiento` int(4) DEFAULT NULL
) ENGINE=InnoDB DEFAULT CHARSET=utf8mb4 COLLATE=utf8mb4_general_ci;

--
-- Volcado de datos para la tabla `componentes_tecnologia`
--

INSERT INTO `componentes_tecnologia` (`tipo_componente`, `tipo`, `vida_util_anios`, `peso_importancia`, `anio_lanzamiento`) VALUES
('Memoria RAM', 'DDR', 12, 2, 2000),
('Memoria RAM', 'DDR2', 10, 2, 2003),
('Memoria RAM', 'DDR3', 8, 2, 2007),
('Memoria RAM', 'DDR4', 10, 2, 2014),
('Memoria RAM', 'DDR5', 12, 2, 2020),
('Memoria RAM', 'DDR6', 14, 2, 2025),
('Socket CPU', 'AM1', 8, 4, 2014),
('Socket CPU', 'BGA1440', 6, 3, 2013),
('Socket CPU', 'BGA1526', 6, 3, 2015),
('Socket CPU', 'FM1', 8, 4, 2011),
('Socket CPU', 'FM2', 8, 4, 2012),
('Socket CPU', 'FM2+', 8, 4, 2014),
('Socket CPU', 'LGA 1150', 10, 4, 2013),
('Socket CPU', 'LGA 1151', 9, 4, 2015),
('Socket CPU', 'LGA 1155', 11, 4, 2011),
('Socket CPU', 'LGA 1156', 12, 4, 2009),
('Socket CPU', 'LGA 1200', 8, 4, 2020),
('Socket CPU', 'LGA 1366', 12, 4, 2008),
('Socket CPU', 'LGA 1700', 6, 4, 2021),
('Socket CPU', 'LGA 2011-v3', 8, 4, 2014),
('Socket CPU', 'LGA 2066', 8, 4, 2017),
('Socket CPU', 'LGA 3647', 8, 4, 2016),
('Socket CPU', 'LGA 4189', 7, 4, 2021),
('Socket CPU', 'LGA 4677', 6, 4, 2022),
('Socket CPU', 'LGA 775', 14, 4, 2004),
('Socket CPU', 'LM753', 10, 4, 2010),
('Socket CPU', 'Socket 370', 18, 4, 1999),
('Socket CPU', 'Socket 423', 18, 4, 2001),
('Socket CPU', 'Socket 478', 15, 4, 2002),
('Socket CPU', 'Socket 754', 14, 4, 2003),
('Socket CPU', 'Socket 939', 14, 4, 2004),
('Socket CPU', 'Socket 940', 14, 4, 2004),
('Socket CPU', 'Socket A (462)', 15, 4, 2003),
('Socket CPU', 'Socket AM2', 12, 4, 2006),
('Socket CPU', 'Socket AM2+', 12, 4, 2007),
('Socket CPU', 'Socket AM3', 11, 4, 2009),
('Socket CPU', 'Socket AM3+', 10, 4, 2011),
('Socket CPU', 'Socket AM4', 9, 4, 2017),
('Socket CPU', 'Socket AM5', 6, 4, 2022),
('Socket CPU', 'Socket SP5', 6, 4, 2023),
('Socket CPU', 'Socket SP6', 6, 4, 2023),
('Socket CPU', 'Socket sTR4', 8, 4, 2017),
('Socket CPU', 'Socket sTR5', 6, 4, 2022),
('Socket CPU', 'Socket sTRX4', 8, 4, 2019),
('Socket CPU', 'Socket sWRX8', 8, 4, 2020),
('Socket CPU', 'sWRX8 v2', 6, 4, 2023);

-- --------------------------------------------------------

--
-- Estructura de tabla para la tabla `coordinaciones`
--

CREATE TABLE `coordinaciones` (
  `id_coordinacion` int(11) NOT NULL,
  `id_division` int(11) NOT NULL,
  `nombre_coordinacion` varchar(100) NOT NULL,
  `estado` enum('Activo','Inactivo') NOT NULL DEFAULT 'Activo'
) ENGINE=InnoDB DEFAULT CHARSET=utf8mb4 COLLATE=utf8mb4_general_ci;

--
-- Volcado de datos para la tabla `coordinaciones`
--

INSERT INTO `coordinaciones` (`id_coordinacion`, `id_division`, `nombre_coordinacion`, `estado`) VALUES
(1, 4, 'Coordinación 1 de División 2', 'Activo'),
(2, 4, 'Coordinación 2 de División 3', 'Activo'),
(3, 1, 'Coordinación 4', 'Activo'),
(4, 6, 'ricardo', 'Inactivo'),
(5, 1, 'ricardo2', 'Inactivo'),
(6, 4, 'ricardo', 'Inactivo');

-- --------------------------------------------------------

--
-- Estructura de tabla para la tabla `direcciones`
--

CREATE TABLE `direcciones` (
  `id_direccion` int(11) NOT NULL,
  `nombre_direccion` varchar(100) NOT NULL,
  `estado` enum('Activo','Inactivo') NOT NULL DEFAULT 'Activo'
) ENGINE=InnoDB DEFAULT CHARSET=utf8mb4 COLLATE=utf8mb4_general_ci;

--
-- Volcado de datos para la tabla `direcciones`
--

INSERT INTO `direcciones` (`id_direccion`, `nombre_direccion`, `estado`) VALUES
(1, 'Dirección General de la Oficina de Ti y Telecomunicaciones', 'Activo'),
(3, 'Direccion de Soporte al Usuario', 'Activo'),
(4, 'Dirección General de la Oficina de Tecnologia de Informacion y Telecomunicaciones', 'Activo'),
(5, 'Dirección de Comunicaciones', 'Activo'),
(6, 'ricardo', 'Inactivo');

-- --------------------------------------------------------

--
-- Estructura de tabla para la tabla `divisiones`
--

CREATE TABLE `divisiones` (
  `id_division` int(11) NOT NULL,
  `id_direccion` int(11) NOT NULL,
  `nombre_division` varchar(100) NOT NULL,
  `estado` enum('Activo','Inactivo') NOT NULL DEFAULT 'Activo'
) ENGINE=InnoDB DEFAULT CHARSET=utf8mb4 COLLATE=utf8mb4_general_ci;

--
-- Volcado de datos para la tabla `divisiones`
--

INSERT INTO `divisiones` (`id_division`, `id_direccion`, `nombre_division`, `estado`) VALUES
(1, 1, 'Division 1', 'Activo'),
(2, 1, 'Division 2', 'Activo'),
(3, 1, 'Dirección 2', 'Activo'),
(4, 1, 'Dirección 5', 'Activo'),
(5, 3, 'Division de soluciones e innovaciones electronicas', 'Activo'),
(6, 3, 'Division de Soporte de Hardware y Software', 'Activo'),
(7, 5, 'Division de Infraestructura de Red', 'Activo'),
(8, 1, 'ricardo', 'Inactivo');

-- --------------------------------------------------------

--
-- Estructura de tabla para la tabla `equipos`
--

CREATE TABLE `equipos` (
  `id_equipo` int(11) NOT NULL,
  `marca` varchar(50) NOT NULL,
  `modelo` varchar(50) NOT NULL,
  `serial` varchar(50) DEFAULT NULL,
  `numero_bien` varchar(50) DEFAULT NULL,
  `tipo_gabinete` varchar(50) DEFAULT NULL,
  `id_direccion` int(11) DEFAULT NULL,
  `id_division` int(11) DEFAULT NULL,
  `id_coordinacion` int(11) DEFAULT NULL,
  `estado_funcional` enum('Buen Funcionamiento','Operativo','Sin Funcionar') DEFAULT 'Buen Funcionamiento',
  `estado_tecnologico` enum('Nuevo','Actualizable','Obsoleto') DEFAULT 'Nuevo',
  `estado_gabinete` enum('Nuevo','Semi nuevo','Deteriorado','Dañado') DEFAULT 'Nuevo',
  `estado` enum('Activo','Inactivo') NOT NULL DEFAULT 'Activo'
) ENGINE=InnoDB DEFAULT CHARSET=utf8mb4 COLLATE=utf8mb4_general_ci;

--
-- Volcado de datos para la tabla `equipos`
--

INSERT INTO `equipos` (`id_equipo`, `marca`, `modelo`, `serial`, `numero_bien`, `tipo_gabinete`, `id_direccion`, `id_division`, `id_coordinacion`, `estado_funcional`, `estado_tecnologico`, `estado_gabinete`, `estado`) VALUES
(12, 'LENOVO', 'LM753', 'N456', '232343', 'De acero', 1, NULL, NULL, 'Buen Funcionamiento', 'Obsoleto', 'Deteriorado', 'Inactivo'),
(18, 'HP', 'Compaq dc5800 small', 'MXJ848025L', '98487', 'METAL COLOR GRIS Y PLASTICO COLOR NEGRO', 3, 5, NULL, 'Operativo', 'Nuevo', '', 'Inactivo'),
(19, 'MINI VIT', 'M2100-01-01', 'A001246424', '108391', 'PLASTICO COLOR NEGRO', 3, 6, NULL, 'Operativo', 'Nuevo', 'Nuevo', 'Inactivo'),
(20, 'DELL', 'OPTIPLEX 3040', '1PGBJH', '113837', 'METAL COLOR NEGRO', 3, 6, NULL, 'Operativo', 'Nuevo', '', 'Inactivo'),
(21, 'LENOVO', 'THINKPAKCENTRE M55', '45R6681', '99212', 'METAL COLOR GRIS Y PLASTICO COLOR NEGRO', 4, NULL, NULL, 'Operativo', 'Nuevo', '', 'Inactivo'),
(22, 'HP', 'PRODESK 400G1', 'MXL4371MQB', '105835', 'METAL COLOR NEGRO', 5, 7, NULL, 'Buen Funcionamiento', 'Nuevo', 'Nuevo', 'Inactivo'),
(23, 'HP', 'PRODESK 400G1', 'MXL4371MPF', '105795', 'METAL COLOR NEGRO', 5, NULL, NULL, 'Buen Funcionamiento', 'Nuevo', 'Nuevo', 'Inactivo'),
(24, 'HP', 'Compaq dc5800 small', 'MXJ8480253', '98491', 'METAL COLOR GRIS Y PLASTICO COLOR NEGRO', 4, NULL, NULL, 'Operativo', 'Nuevo', 'Deteriorado', 'Inactivo'),
(28, 'DELL', 'OPTIPLEX XE2', NULL, '113304', 'METAL COLOR NEGRO', 1, NULL, NULL, 'Operativo', 'Obsoleto', 'Nuevo', 'Inactivo'),
(29, 'DELL', 'OPTIPLEX 3040', NULL, '113839', 'METAL COLOR NEGRO', 1, NULL, NULL, 'Buen Funcionamiento', 'Obsoleto', 'Nuevo', 'Activo'),
(30, 'DELL', 'OPTIPLEX XE2', NULL, '113304', 'METAL COLOR NEGRO', 1, NULL, NULL, 'Buen Funcionamiento', 'Obsoleto', 'Nuevo', 'Activo'),
(31, 'MSI', 'M5-71385', NULL, '115096', 'METAL COLOR NEGRO', 3, 6, NULL, 'Operativo', 'Actualizable', 'Nuevo', 'Activo'),
(32, 'HP', 'COMPAQ DX5600', 'MXJ848026Z', '98481', 'METAL COLOR NEGRO', 1, NULL, NULL, 'Buen Funcionamiento', 'Obsoleto', 'Nuevo', 'Activo'),
(33, 'HP', 'COMPAQ DX5800', NULL, NULL, 'METAL COLOR GRIS CIN NEGRO', 1, NULL, NULL, 'Buen Funcionamiento', 'Obsoleto', 'Deteriorado', 'Activo'),
(34, 'VIT MINI', 'M2100', 'A00121246415', '108373', 'METAL COLOR NEGRO', 1, NULL, NULL, 'Buen Funcionamiento', 'Obsoleto', 'Nuevo', 'Activo'),
(35, 'HP', 'PRODESK', 'MXL4371MRH', '105848', 'PLASTICO/METAL COLOR NEGRO CON GRIS', 1, NULL, NULL, 'Operativo', 'Obsoleto', 'Nuevo', 'Activo'),
(36, 'HP', 'CORE 2 DUO', 'MXJ80283', '98505', 'COLOR GRIS CON NEGRO OPACO', 1, NULL, NULL, 'Operativo', 'Obsoleto', 'Deteriorado', 'Activo'),
(37, 'HP', 'COMPAQ DX5800', 'MX584825L', '98487', 'METAL COLOR NEGRO CON GRIS', 1, NULL, NULL, 'Operativo', 'Obsoleto', 'Nuevo', 'Activo'),
(38, 'VIT MINI', 'M-2100', 'A001246424', '108371', 'PLASTICO/METAL COLOR NEGRO', 1, NULL, NULL, 'Operativo', 'Obsoleto', 'Nuevo', 'Activo'),
(39, 'LENOVO', 'M55 TINKCENTRE', '45R6681', '99212', 'COLOR GRIS CON NEGRO OPACO', 1, NULL, NULL, 'Operativo', 'Obsoleto', 'Nuevo', 'Activo'),
(40, 'HP', 'PRODESK', 'MXL4371MQB', '105835', 'METAL COLOR NEGRO', 1, NULL, NULL, 'Operativo', 'Obsoleto', 'Nuevo', 'Activo'),
(41, 'HP', 'PRODESK', 'MXL4371MPF', '105795', 'METAL COLOR NEGRO', 1, NULL, NULL, 'Operativo', 'Obsoleto', 'Nuevo', 'Activo'),
(42, 'VIT MINI', 'PENTIUM', 'A001246425', '108368', 'PLASTICO COLOR NEGRO', 1, NULL, NULL, 'Operativo', 'Obsoleto', 'Nuevo', 'Activo'),
(43, 'HP', 'COMPAQ DX5800', 'MXJ8480279', '98475', 'PLASTICO/METAL COLOR NEGRO', 1, NULL, NULL, 'Operativo', 'Obsoleto', 'Deteriorado', 'Activo'),
(44, 'HP', 'COMPAQ DX5800', 'mxj848028l', '98503', 'METAL COLOR NEGRO', 1, NULL, NULL, 'Buen Funcionamiento', 'Obsoleto', 'Nuevo', 'Activo'),
(45, 'HP', 'COMPAQ DX5800', 'mxj848027Q', '98441', 'PLASTICO/METAL COLOR NEGRO CON GRIS', 1, NULL, NULL, 'Operativo', 'Obsoleto', 'Nuevo', 'Activo'),
(46, 'VIT MINI', 'M-2100', 'A0012461893', '108688', 'PLASTICO/METAL COLOR NEGRO', 1, NULL, NULL, 'Operativo', 'Obsoleto', 'Deteriorado', 'Activo'),
(47, 'VIT MINI', 'M-2100', 'A001246397', '108370', 'PLASTICO/METAL COLOR NEGRO', 1, NULL, NULL, 'Operativo', 'Obsoleto', 'Nuevo', 'Activo'),
(48, 'DELL', 'OPTIPLEX 3040', '1PGBJH', '113837', 'PLASTICO/METAL COLOR NEGRO', 1, NULL, NULL, 'Buen Funcionamiento', 'Obsoleto', 'Nuevo', 'Activo'),
(49, 'HP', 'COMPAQ DX5800', 'MXJ8480253', '98491', 'METAL COLOR GRIS CON NEGRO', 1, NULL, NULL, 'Buen Funcionamiento', 'Obsoleto', 'Deteriorado', 'Activo');

-- --------------------------------------------------------

--
-- Estructura Stand-in para la vista `estado_tecnologico_actual`
-- (Véase abajo para la vista actual)
--
CREATE TABLE `estado_tecnologico_actual` (
`tipo_componente` varchar(50)
,`tipo` varchar(50)
,`vida_util_anios` int(11)
,`peso_importancia` int(11)
,`anio_lanzamiento` int(4)
,`edad` bigint(12)
,`estado_tecnologico` varchar(12)
);

-- --------------------------------------------------------

--
-- Estructura de tabla para la tabla `logs`
--

CREATE TABLE `logs` (
  `id_log` int(11) NOT NULL,
  `usuario` varchar(50) DEFAULT NULL,
  `accion` varchar(100) DEFAULT NULL,
  `fecha` timestamp NOT NULL DEFAULT current_timestamp()
) ENGINE=InnoDB DEFAULT CHARSET=utf8mb4 COLLATE=utf8mb4_general_ci;

--
-- Volcado de datos para la tabla `logs`
--

INSERT INTO `logs` (`id_log`, `usuario`, `accion`, `fecha`) VALUES
(72, 'admin', 'Acción sobre componente ID: 9', '2025-11-03 23:58:23'),
(73, 'admin', 'Acción sobre componente ID: 9', '2025-11-03 23:59:03'),
(74, 'admin', 'Agregado componente opcional ID: ', '2025-11-04 00:10:18'),
(75, 'admin', 'Actualizado componente opcional ID: 1', '2025-11-04 00:46:01'),
(76, 'admin', 'Editó división ID: 1', '2025-11-04 01:10:32'),
(77, 'admin', 'Editó coordinación ID: 1', '2025-11-04 01:44:34'),
(78, 'admin', 'Editó coordinación ID: 1', '2025-11-04 01:50:13'),
(79, 'admin', 'Actualizado el equipo ID: ', '2025-11-05 02:32:58'),
(80, 'admin', 'Agregado el equipo ID: ', '2025-11-05 21:00:49'),
(81, 'admin', 'Agregado el equipo ID: ', '2025-11-05 21:01:41'),
(82, 'admin', 'Actualizado el equipo ID: ', '2025-11-05 21:01:59'),
(83, 'admin', 'Actualizado el equipo ID: ', '2025-11-05 21:02:06'),
(84, 'admin', 'Eliminado el equipo ID: ', '2025-11-05 21:07:56'),
(85, 'admin', 'Eliminado el equipo ID: 6', '2025-11-05 21:08:46'),
(86, 'admin', 'Agregado el equipo ID: 8', '2025-11-05 21:10:08'),
(87, 'admin', 'Actualizado el equipo ID: 8', '2025-11-05 21:45:28'),
(88, 'admin', 'Creado el componente ID: 13', '2025-11-05 22:01:31'),
(89, 'admin', 'Eliminado el componente ID: 5', '2025-11-05 22:01:35'),
(90, 'admin', 'Eliminado el componente ID: 9', '2025-11-05 22:01:38'),
(91, 'admin', 'Agregado componente opcional ID: 3', '2025-11-05 22:22:55'),
(92, 'admin', 'Eliminado componente opcional ID: 3', '2025-11-05 22:23:37'),
(93, 'admin', 'Agregado componente opcional ID: 4', '2025-11-05 22:23:52'),
(94, 'admin', 'Eliminado componente opcional ID: 4', '2025-11-05 22:24:49'),
(95, 'admin', 'Agregado componente opcional ID: 5', '2025-11-05 22:25:11'),
(96, 'admin', 'Eliminado componente opcional ID: 5', '2025-11-05 22:29:10'),
(97, 'admin', 'Agregado componente opcional ID: 6', '2025-11-05 22:29:20'),
(98, 'admin', 'Editó dirección ID: 1', '2025-11-05 22:32:33'),
(99, 'admin', 'Editó división ID: 1', '2025-11-05 22:32:44'),
(100, 'admin', 'Editó división ID: 2', '2025-11-05 22:32:52'),
(101, 'admin', 'Editó coordinación ID: 1', '2025-11-05 22:33:02'),
(102, 'admin', 'Eliminado el componente ID: 7', '2025-11-05 22:33:15'),
(103, 'admin', 'Agregado componente opcional ID: 7', '2025-11-05 22:47:02'),
(104, 'admin', 'Creado el componente ID: 14', '2025-11-05 23:03:29'),
(105, 'admin', 'Eliminado el componente ID: 14', '2025-11-05 23:13:01'),
(106, 'admin', 'Creado el componente ID: 15', '2025-11-05 23:13:21'),
(107, 'admin', 'Actualziado el componente ID: 15', '2025-11-05 23:19:00'),
(108, 'admin', 'Actualziado el componente ID: 15', '2025-11-05 23:22:20'),
(109, 'admin', 'Actualziado el componente ID: 15', '2025-11-05 23:22:31'),
(110, 'admin', 'Actualziado el componente ID: 15', '2025-11-05 23:25:50'),
(111, 'admin', 'Actualziado el componente ID: 15', '2025-11-05 23:27:43'),
(112, 'admin', 'Actualziado el componente ID: 15', '2025-11-05 23:31:53'),
(113, 'admin', 'Actualziado el componente ID: 15', '2025-11-05 23:32:24'),
(114, 'admin', 'Actualziado el componente ID: 15', '2025-11-05 23:41:10'),
(115, 'admin', 'Actualziado el componente ID: 15', '2025-11-05 23:42:18'),
(116, 'admin', 'Creado el componente ID: 16', '2025-11-05 23:52:41'),
(117, 'admin', 'Actualizado componente opcional ID: 7', '2025-11-06 00:10:57'),
(118, 'sistema', 'Editó usuario ID: 4', '2025-11-06 00:12:38'),
(119, 'sistema', 'Editó usuario ID: 4', '2025-11-06 00:12:57'),
(120, 'sistema', 'Editó usuario ID: 4', '2025-11-06 00:13:15'),
(121, 'usuario', 'Creado el componente ID: 17', '2025-11-06 00:27:29'),
(122, 'usuario', 'Eliminado el componente ID: 17', '2025-11-06 00:32:07'),
(123, 'usuario', 'Creado el componente ID: 18', '2025-11-06 00:35:18'),
(124, 'usuario', 'Actualziado el componente ID: 18', '2025-11-06 00:50:00'),
(125, 'usuario', 'Actualziado el componente ID: 18', '2025-11-06 01:28:54'),
(126, 'usuario', 'Actualziado el componente ID: 18', '2025-11-06 01:31:23'),
(127, 'usuario', 'Actualziado el componente ID: 18', '2025-11-06 01:31:38'),
(128, 'usuario', 'Creado el componente ID: 19', '2025-11-06 01:52:59'),
(129, 'usuario', 'Eliminado el componente ID: 19', '2025-11-06 02:04:17'),
(130, 'usuario', 'Creado el componente ID: 20', '2025-11-06 02:04:53'),
(131, 'usuario', 'Actualziado el componente ID: 20', '2025-11-06 02:05:15'),
(132, 'usuario', 'Actualziado el componente ID: 20', '2025-11-06 02:05:20'),
(133, 'usuario', 'Actualziado el componente ID: 20', '2025-11-06 02:10:20'),
(134, 'usuario', 'Creado el componente ID: 21', '2025-11-06 02:11:21'),
(135, 'usuario', 'Actualziado el componente ID: 18', '2025-11-06 02:11:48'),
(136, 'usuario', 'Actualziado el componente ID: 13', '2025-11-06 02:13:35'),
(137, 'usuario', 'Actualziado el componente ID: 18', '2025-11-06 02:16:05'),
(138, 'usuario', 'Actualziado el componente ID: 18', '2025-11-06 02:17:56'),
(139, 'admin', 'Actualziado el componente ID: 13', '2025-11-06 13:07:33'),
(140, 'admin', 'Actualziado el componente ID: 20', '2025-11-06 13:08:02'),
(141, 'admin', 'Actualziado el componente ID: 18', '2025-11-06 13:09:11'),
(142, 'admin', 'Actualziado el componente ID: 13', '2025-11-06 13:21:00'),
(143, 'admin', 'Actualziado el componente ID: 20', '2025-11-06 13:22:06'),
(144, 'admin', 'Actualziado el componente ID: 18', '2025-11-06 13:22:32'),
(145, 'admin', 'Actualziado el componente ID: 20', '2025-11-06 13:25:18'),
(146, 'admin', 'Actualziado el componente ID: 13', '2025-11-06 15:01:53'),
(147, 'admin', 'Actualizado componente opcional ID: 6', '2025-11-06 15:05:34'),
(148, 'admin', 'Actualizado componente opcional ID: 6', '2025-11-06 15:06:36'),
(149, 'admin', 'Actualziado el componente ID: 13', '2025-11-06 15:11:06'),
(150, 'admin', 'Actualizado componente opcional ID: 6', '2025-11-06 15:14:09'),
(151, 'admin', 'Actualziado el componente ID: 13', '2025-11-06 15:16:58'),
(152, 'admin', 'Actualizado componente opcional ID: 6', '2025-11-06 15:17:17'),
(153, 'admin', 'Actualizado componente opcional ID: 6', '2025-11-06 15:17:30'),
(154, 'admin', 'Actualizado componente opcional ID: 6', '2025-11-06 15:18:26'),
(155, 'admin', 'Actualizado componente opcional ID: 6', '2025-11-06 15:36:03'),
(156, 'admin', 'Actualizado componente opcional ID: 6', '2025-11-06 15:53:23'),
(157, 'admin', 'Actualziado el componente ID: 13', '2025-11-06 15:53:34'),
(158, 'admin', 'Actualziado el componente ID: 13', '2025-11-06 15:53:47'),
(159, 'admin', 'Actualizado componente opcional ID: 6', '2025-11-06 15:54:08'),
(160, 'admin', 'Actualziado el componente ID: 18', '2025-11-06 15:57:28'),
(161, 'admin', 'Actualziado el componente ID: 18', '2025-11-06 16:04:45'),
(162, 'admin', 'Actualziado el componente ID: 18', '2025-11-06 16:19:36'),
(163, 'admin', 'Actualizado componente opcional ID: 6', '2025-11-06 16:22:10'),
(164, 'admin', 'Actualizado componente opcional ID: 6', '2025-11-06 16:26:40'),
(165, 'admin', 'Actualizado componente opcional ID: 6', '2025-11-06 16:26:54'),
(166, 'admin', 'Actualizado componente opcional ID: 6', '2025-11-06 16:28:05'),
(167, 'admin', 'Actualizado componente opcional ID: 6', '2025-11-06 16:28:10'),
(168, 'admin', 'Actualizado componente opcional ID: 6', '2025-11-06 16:29:58'),
(169, 'admin', 'Actualizado componente opcional ID: 6', '2025-11-06 16:30:03'),
(170, 'admin', 'Actualizado componente opcional ID: 6', '2025-11-06 16:31:08'),
(171, 'admin', 'Actualizado componente opcional ID: 6', '2025-11-06 16:31:22'),
(172, 'admin', 'Actualizado componente opcional ID: 6', '2025-11-06 16:38:43'),
(173, 'admin', 'Actualizado componente opcional ID: 6', '2025-11-06 16:38:52'),
(174, 'admin', 'Actualizado componente opcional ID: 6', '2025-11-06 16:40:23'),
(175, 'admin', 'Actualizado componente opcional ID: 6', '2025-11-06 16:40:35'),
(176, 'admin', 'Actualizado componente opcional ID: 6', '2025-11-06 16:44:33'),
(177, 'admin', 'Actualizado componente opcional ID: 6', '2025-11-06 16:46:19'),
(178, 'admin', 'Actualizado componente opcional ID: 6', '2025-11-06 16:46:28'),
(179, 'admin', 'Actualizado componente opcional ID: 6', '2025-11-06 16:46:45'),
(180, 'admin', 'Actualizado componente opcional ID: 6', '2025-11-06 16:49:54'),
(181, 'admin', 'Actualziado el componente ID: 18', '2025-11-06 16:50:05'),
(182, 'admin', 'Actualizado componente opcional ID: 6', '2025-11-06 16:50:25'),
(183, 'admin', 'Actualizado componente opcional ID: 6', '2025-11-06 16:50:38'),
(184, 'admin', 'Creado el componente ID: 22', '2025-11-06 16:51:18'),
(185, 'admin', 'Eliminado el componente ID: 22', '2025-11-06 16:52:57'),
(186, 'admin', 'Actualizado componente opcional ID: 6', '2025-11-06 16:53:37'),
(187, 'admin', 'Actualizado componente opcional ID: 6', '2025-11-06 16:56:31'),
(188, 'admin', 'Agregado RAM opcional para equipo ID: 3', '2025-11-06 17:11:06'),
(189, 'admin', 'Eliminado componente opcional ID: 8', '2025-11-06 17:12:59'),
(190, 'admin', 'Agregado RAM opcional para equipo ID: 3', '2025-11-06 17:14:17'),
(191, 'admin', 'Eliminado el componente ID: 20', '2025-11-06 18:13:17'),
(192, 'admin', 'Creado el componente ID: 23', '2025-11-06 18:14:00'),
(193, 'admin', 'Eliminado el componente ID: 10', '2025-11-06 18:17:36'),
(194, 'admin', 'Creado el componente ID: 24', '2025-11-06 18:17:55'),
(195, 'admin', 'Actualziado el componente ID: 23', '2025-11-06 19:23:50'),
(196, 'admin', 'Actualziado el componente ID: 18', '2025-11-06 19:24:11'),
(197, 'admin', 'Creado el componente ID: 25', '2025-11-06 19:33:03'),
(198, 'admin', 'Actualizado el equipo ID: 3', '2025-11-06 20:43:47'),
(199, 'admin', 'Actualizado equipo ID: 3', '2025-11-06 20:57:32'),
(200, 'admin', 'Actualizado equipo ID: 3', '2025-11-06 20:59:03'),
(201, 'admin', 'Actualizado equipo ID: 3', '2025-11-06 21:01:35'),
(202, 'admin', 'Creado equipo ID: 9', '2025-11-06 21:02:29'),
(203, 'admin', 'Actualizado equipo ID: 3', '2025-11-06 21:05:43'),
(204, 'admin', 'Actualizado equipo ID: 9', '2025-11-06 21:05:55'),
(205, 'admin', 'Eliminado equipo ID: 7', '2025-11-06 21:16:25'),
(206, 'admin', 'Eliminado equipo ID: 7', '2025-11-06 21:25:55'),
(207, 'admin', 'Actualziado el componente ID: 23', '2025-11-06 21:37:18'),
(208, 'admin', 'Actualziado el componente ID: 23', '2025-11-06 21:37:29'),
(209, 'admin', 'Actualizado el componente ID: 23', '2025-11-06 21:43:37'),
(210, 'admin', 'Actualizado el componente ID: 13', '2025-11-06 22:29:06'),
(211, 'admin', 'Actualizado el componente ID: 13', '2025-11-06 22:32:24'),
(212, 'admin', 'Actualizado el componente ID: 18', '2025-11-07 02:01:11'),
(213, 'admin', 'Actualizado el componente ID: 18', '2025-11-07 02:17:31'),
(214, 'admin', 'Actualizado el componente ID: 18', '2025-11-07 02:18:02'),
(215, 'admin', 'Actualizado el componente ID: 18', '2025-11-07 02:53:49'),
(216, 'admin', 'Actualizado el componente ID: 21', '2025-11-07 18:44:19'),
(217, 'admin', 'Actualizado el componente ID: 21', '2025-11-07 18:44:26'),
(218, 'admin', 'Creado el componente ID: 26', '2025-11-07 18:44:53'),
(219, 'admin', 'Actualizado componente opcional ID: 6', '2025-11-07 19:01:41'),
(220, 'admin', 'Actualizado componente opcional ID: 7', '2025-11-07 19:08:05'),
(221, 'admin', 'Actualizado componente opcional ID: 7', '2025-11-07 19:08:43'),
(222, 'admin', 'Actualizado componente opcional ID: 9', '2025-11-07 19:08:50'),
(223, 'admin', 'Actualizado componente opcional ID: 9', '2025-11-07 19:09:01'),
(224, 'admin', 'Actualizado componente opcional ID: 6', '2025-11-07 19:11:16'),
(225, 'admin', 'Actualizado el componente ID: 16', '2025-11-07 19:21:51'),
(226, 'admin', 'Eliminado el componente ID: 16', '2025-11-07 19:24:27'),
(227, 'admin', 'Creado el componente ID: 27', '2025-11-07 19:36:01'),
(228, 'admin', 'Actualizado el componente ID: 18', '2025-11-07 19:51:03'),
(229, 'admin', 'Actualizado el componente ID: 15', '2025-11-07 21:31:15'),
(230, 'admin', 'Creado el componente ID: 28', '2025-11-07 23:45:39'),
(231, 'admin', 'Eliminado el componente ID: 28', '2025-11-07 23:45:53'),
(232, 'admin', 'Creado el componente ID: 29', '2025-11-07 23:46:15'),
(233, 'admin', 'Eliminado el componente ID: 25', '2025-11-08 00:08:57'),
(234, 'admin', 'Creado el componente ID: 30', '2025-11-08 00:09:10'),
(235, 'admin', 'Agregado componente opcional: Tarjeta Grafica para equipo ID: 3', '2025-11-08 00:22:10'),
(236, 'admin', 'Eliminado componente opcional ID: 10', '2025-11-08 00:33:59'),
(237, 'admin', 'Agregado componente opcional: Tarjeta Grafica para equipo ID: 3', '2025-11-08 00:34:16'),
(238, 'admin', 'Eliminado componente opcional ID: 11', '2025-11-08 00:45:56'),
(239, 'admin', 'Agregado componente opcional: Tarjeta Grafica para equipo ID: 3', '2025-11-08 00:49:04'),
(240, 'admin', 'Actualizado componente opcional ID: 12', '2025-11-08 00:49:20'),
(241, 'admin', 'Actualizado componente opcional ID: 12', '2025-11-08 00:49:27'),
(242, 'admin', 'Actualizado componente opcional ID: 12', '2025-11-08 00:49:31'),
(243, 'admin', 'Eliminado el componente ID: 29', '2025-11-08 01:06:05'),
(244, 'admin', 'Creado el componente ID: 31', '2025-11-08 01:12:00'),
(245, 'admin', 'Agregado componente opcional: Tarjeta WiFi para equipo ID: 3', '2025-11-08 01:34:26'),
(246, 'admin', 'Eliminado componente opcional ID: 13', '2025-11-08 01:39:06'),
(247, 'admin', 'Agregado componente opcional: Tarjeta WiFi para equipo ID: 3', '2025-11-08 01:39:33'),
(248, 'admin', 'Eliminado componente opcional ID: 14', '2025-11-08 01:42:28'),
(249, 'admin', 'Agregado componente opcional: Tarjeta WiFi para equipo ID: 3', '2025-11-08 01:43:10'),
(250, 'admin', 'Actualizado componente opcional ID: 15', '2025-11-08 01:43:23'),
(251, 'admin', 'Eliminado componente opcional ID: 15', '2025-11-08 01:44:27'),
(252, 'admin', 'Agregado componente opcional: Tarjeta WiFi para equipo ID: 3', '2025-11-08 01:45:34'),
(253, 'admin', 'Creado equipo ID: 10', '2025-11-08 01:57:28'),
(254, 'admin', 'Actualizado equipo ID: 10', '2025-11-08 01:58:26'),
(255, 'admin', 'Eliminado equipo ID: 10', '2025-11-08 02:01:44'),
(256, 'admin', 'Creado equipo ID: 11', '2025-11-08 02:02:24'),
(257, 'admin', 'Actualizado equipo ID: 11', '2025-11-08 02:04:07'),
(258, 'admin', 'Actualizado equipo ID: 11', '2025-11-08 02:04:15'),
(259, 'admin', 'Agregado componente opcional: Tarjeta de Sonido para equipo ID: 3', '2025-11-08 14:31:22'),
(260, 'sistema', 'Editó usuario ID: 3', '2025-11-08 16:21:57'),
(261, 'sistema', 'Editó usuario ID: 3', '2025-11-08 16:22:46'),
(262, 'sistema', 'Editó usuario ID: 3', '2025-11-08 16:24:41'),
(263, 'sistema', 'Editó usuario ID: 3', '2025-11-08 16:26:44'),
(264, 'sistema', 'Agregó usuario: tecnico', '2025-11-08 16:27:41'),
(265, 'admin', 'Eliminado componente opcional ID: 1', '2025-11-08 16:44:13'),
(266, 'admin', 'Eliminado componente opcional ID: 2', '2025-11-08 16:44:16'),
(267, 'admin', 'Agregó coordinación ID: 3', '2025-11-08 17:29:47'),
(268, 'admin', 'Editó coordinación ID: 3', '2025-11-08 17:29:54'),
(269, 'admin', 'Creado equipo ID: 12', '2025-11-08 18:28:52'),
(270, 'admin', 'Creado el componente ID: 32', '2025-11-08 18:43:18'),
(271, 'admin', 'Creado el componente ID: 33', '2025-11-08 18:48:54'),
(272, 'admin', 'Actualizado el componente ID: 32', '2025-11-08 18:53:17'),
(273, 'admin', 'Actualizado el componente ID: 32', '2025-11-08 19:04:27'),
(274, 'admin', 'Actualizado el componente ID: 32', '2025-11-08 19:06:08'),
(275, 'admin', 'Actualizado el componente ID: 32', '2025-11-08 19:08:53'),
(276, 'admin', 'Actualizado el componente ID: 32', '2025-11-08 19:11:21'),
(277, 'admin', 'Actualizado el componente ID: 32', '2025-11-08 19:12:46'),
(278, 'admin', 'Actualizado el componente ID: 32', '2025-11-08 19:18:51'),
(279, 'admin', 'Actualizado el componente ID: 32', '2025-11-08 19:22:18'),
(280, 'admin', 'Actualizado el componente ID: 32', '2025-11-08 19:23:01'),
(281, 'admin', 'Actualizado el componente ID: 32', '2025-11-08 19:27:56'),
(282, 'admin', 'Actualizado el componente ID: 32', '2025-11-08 19:28:04'),
(283, 'admin', 'Agregado componente opcional: Tarjeta WiFi para equipo ID: 12', '2025-11-08 19:50:24'),
(284, 'admin', 'Agregado componente opcional: Tarjeta WiFi para equipo ID: 12', '2025-11-08 19:54:09'),
(285, 'admin', 'Agregado componente opcional: Tarjeta WiFi para equipo ID: 12', '2025-11-08 19:56:34'),
(286, 'admin', 'Agregado componente opcional: Tarjeta WiFi para equipo ID: 12', '2025-11-08 20:04:46'),
(287, 'admin', 'Agregado componente opcional: Tarjeta WiFi para equipo ID: 12', '2025-11-08 20:07:06'),
(288, 'admin', 'Creado el componente ID: 34', '2025-11-08 20:11:02'),
(289, 'admin', 'Actualizado el componente ID: 32', '2025-11-08 20:17:02'),
(290, 'admin', 'Eliminado componente opcional ID: 18', '2025-11-08 20:17:22'),
(291, 'admin', 'Eliminado componente opcional ID: 19', '2025-11-08 20:17:37'),
(292, 'admin', 'Eliminado componente opcional ID: 22', '2025-11-08 20:17:42'),
(293, 'admin', 'Eliminado componente opcional ID: 21', '2025-11-08 20:17:44'),
(294, 'admin', 'Agregado componente opcional: Tarjeta de Sonido para equipo ID: 12', '2025-11-08 20:20:02'),
(295, 'admin', 'Eliminado componente opcional ID: 23', '2025-11-08 20:24:39'),
(296, 'admin', 'Agregado componente opcional: Tarjeta de Sonido para equipo ID: 12', '2025-11-08 20:25:00'),
(297, 'admin', 'Agregado componente opcional: Tarjeta de Sonido para equipo ID: 12', '2025-11-08 20:35:05'),
(298, 'admin', 'Eliminado componente opcional ID: 25', '2025-11-08 20:36:17'),
(299, 'admin', 'Eliminado componente opcional ID: 24', '2025-11-08 20:36:21'),
(300, 'admin', 'Agregado componente opcional: Tarjeta de Sonido para equipo ID: 12', '2025-11-08 20:39:43'),
(301, 'admin', 'Agregado componente opcional: Tarjeta de Sonido para equipo ID: 12', '2025-11-08 20:46:49'),
(302, 'admin', 'Eliminado componente opcional ID: 27', '2025-11-08 21:01:07'),
(303, 'admin', 'Actualizado componente opcional ID: 26', '2025-11-08 21:01:25'),
(304, 'admin', 'Actualizado componente opcional ID: 26', '2025-11-08 21:01:48'),
(305, 'admin', 'Eliminado componente opcional ID: 27', '2025-11-08 21:02:41'),
(306, 'admin', 'Eliminado componente opcional ID: 26', '2025-11-08 21:02:50'),
(307, 'admin', 'Agregado componente opcional: Tarjeta de Sonido para equipo ID: 12', '2025-11-08 21:03:49'),
(308, 'admin', 'Actualizado componente opcional ID: 28', '2025-11-08 21:03:58'),
(309, 'admin', 'Actualizado componente opcional ID: 28', '2025-11-08 21:08:21'),
(310, 'admin', 'Actualizado componente opcional ID: 28', '2025-11-08 21:08:29'),
(311, 'admin', 'Eliminado componente opcional ID: 20', '2025-11-08 21:49:47'),
(312, 'admin', 'Eliminado componente opcional ID: 18', '2025-11-08 21:52:35'),
(313, 'admin', 'Eliminado componente opcional ID: 18', '2025-11-08 21:53:29'),
(314, 'admin', 'Eliminado el componente ID: 34', '2025-11-08 21:55:45'),
(315, 'admin', 'Eliminado el componente ID: 32', '2025-11-08 21:55:52'),
(316, 'admin', 'Creado el componente ID: 35', '2025-11-08 21:56:28'),
(317, 'admin', 'Eliminado el componente ID: 35', '2025-11-08 21:56:36'),
(318, 'admin', 'Creado el componente ID: 36', '2025-11-08 22:07:41'),
(319, 'admin', 'Creado el componente ID: 37', '2025-11-08 22:14:05'),
(320, 'admin', 'Creado el componente ID: 38', '2025-11-08 22:40:32'),
(321, 'admin', 'Eliminado el componente ID: 34', '2025-11-08 22:53:48'),
(322, 'admin', 'Creado el componente ID: 39', '2025-11-08 23:37:17'),
(323, 'admin', 'Creado el componente ID: 40', '2025-11-08 23:56:57'),
(324, 'admin', 'Actualizado el componente ID: 40', '2025-11-08 23:57:06'),
(325, 'admin', 'Actualizado el componente ID: 40', '2025-11-09 00:03:18'),
(326, 'admin', 'Actualizado el componente ID: 39', '2025-11-09 00:06:48'),
(327, 'admin', 'Eliminado el componente ID: 40', '2025-11-09 00:12:35'),
(328, 'admin', 'Actualizado el componente ID: 39', '2025-11-09 00:12:44'),
(329, 'admin', 'Agregado RAM opcional para equipo ID: 12', '2025-11-09 00:17:27'),
(330, 'admin', 'Actualizado componente opcional ID: 29', '2025-11-09 00:30:48'),
(331, 'admin', 'Actualizado componente opcional ID: 29', '2025-11-09 00:31:10'),
(332, 'admin', 'Actualizado componente opcional ID: 29', '2025-11-09 00:33:52'),
(333, 'admin', 'Eliminado el componente ID: 36', '2025-11-10 23:37:24'),
(334, 'admin', 'Actualizado componente opcional ID: 18', '2025-11-11 00:19:27'),
(335, 'admin', 'Actualizado componente opcional ID: 18', '2025-11-11 00:21:17'),
(336, 'admin', 'Actualizado componente opcional ID: 18', '2025-11-11 00:21:25'),
(337, 'admin', 'Eliminado el componente ID: 39', '2025-11-11 00:23:25'),
(338, 'admin', 'Eliminado el componente ID: 33', '2025-11-11 00:23:41'),
(339, 'admin', 'Eliminado componente opcional ID: 29', '2025-11-11 00:26:06'),
(340, 'admin', 'Creado el componente ID: 41', '2025-11-11 00:27:28'),
(341, 'admin', 'Actualizado el componente ID: 41', '2025-11-11 00:29:54'),
(342, 'admin', 'Actualizado el componente ID: 41', '2025-11-11 00:30:47'),
(343, 'admin', 'Actualizado el componente ID: 41', '2025-11-11 00:30:58'),
(344, 'admin', 'Actualizado componente opcional ID: 28', '2025-11-11 00:32:08'),
(345, 'admin', 'Actualizado componente opcional ID: 28', '2025-11-11 00:32:16'),
(346, 'admin', 'Actualizado el componente ID: 41', '2025-11-11 00:36:45'),
(347, 'admin', 'Actualizado el componente ID: 41', '2025-11-11 01:13:12'),
(348, 'admin', 'Creado el componente ID: 42', '2025-11-11 01:27:06'),
(349, 'admin', 'Actualizado el componente ID: 42', '2025-11-11 01:59:47'),
(350, 'admin', 'Actualizado el componente ID: 42', '2025-11-11 22:05:12'),
(351, 'admin', 'Eliminado el componente ID: 42', '2025-11-11 22:55:27'),
(352, 'admin', 'Creado el componente ID: 43', '2025-11-11 22:55:42'),
(353, 'admin', 'Agregado RAM opcional para equipo ID: 12', '2025-11-11 23:31:38'),
(354, 'admin', 'Actualizado componente opcional ID: 30', '2025-11-11 23:34:44'),
(355, 'admin', 'Actualizado componente opcional ID: 30', '2025-11-11 23:37:55'),
(356, 'admin', 'Actualizado componente opcional: Memoria Ram', '2025-11-11 23:39:40'),
(357, 'admin', 'Editó dirección ID: 1', '2025-11-11 23:48:42'),
(358, 'admin', 'Editó dirección ID: Dirección General de la Oficina de Ti y Telecomunicaciones', '2025-11-11 23:49:15'),
(359, 'admin', 'Editó división: Dirección 5', '2025-11-12 00:43:33'),
(360, 'admin', 'Actualizó equipo: LENOVO LM753', '2025-11-17 15:38:47'),
(361, 'admin', 'Actualizó equipo: LENOVO LM753', '2025-11-17 15:39:15'),
(362, 'admin', 'Actualizó equipo: LENOVO LM753', '2025-11-17 15:40:28'),
(363, 'admin', 'Actualizó equipo: LENOVO LM753', '2025-11-17 15:41:05'),
(364, 'admin', 'Actualizó equipo: LENOVO LM753', '2025-11-17 15:41:07'),
(365, 'admin', 'Actualizó equipo: LENOVO LM753', '2025-11-17 15:41:26'),
(366, 'admin', 'Actualizó equipo: LENOVO LM753', '2025-11-17 15:41:27'),
(367, 'admin', 'Actualizó equipo: LENOVO LM753', '2025-11-17 15:41:37'),
(368, 'admin', 'Actualizó equipo: LENOVO LM753', '2025-11-17 15:42:39'),
(425, 'admin', 'Agregó dirección: Direccion de Soporte al Usuario', '2025-12-01 13:06:52'),
(426, 'admin', 'Agregó división: Division de soluciones e innovaciones electronicas', '2025-12-01 13:07:35'),
(427, 'admin', 'Creado equipo: HP dc5800 small', '2025-12-01 13:11:48'),
(429, 'admin', 'Creado el componente ID: Tarjeta Madre', '2025-12-01 14:12:44'),
(430, 'admin', 'Creado el componente ID: Procesador', '2025-12-01 14:30:25'),
(431, 'admin', 'Actualizó equipo: HP dc5800 small', '2025-12-01 14:33:23'),
(432, 'admin', 'Creado el componente ID: Memoria RAM', '2025-12-01 14:39:31'),
(433, 'admin', 'Creado el componente ID: Fuente de Poder', '2025-12-01 15:32:09'),
(434, 'admin', 'Creado el componente ID: Fuente de Poder', '2025-12-01 15:37:17'),
(435, 'admin', 'Creado el componente ID: Disco Duro', '2025-12-01 15:39:46'),
(436, 'admin', 'Creado el componente ID: Tarjeta Grafica', '2025-12-01 15:40:48'),
(437, 'admin', 'Creado el componente ID: Tarjeta Red', '2025-12-01 15:41:18'),
(438, 'admin', 'Creado el componente ID: Unidad Optica', '2025-12-01 15:42:56'),
(439, 'admin', 'Creado el componente ID: Fan Cooler', '2025-12-01 15:44:36'),
(440, 'admin', 'Agregó división: Division de Soporte de Hardware y Software', '2025-12-01 18:07:29'),
(441, 'admin', 'Creado equipo: MINI VIT M2100-01-01', '2025-12-01 18:08:57'),
(442, 'admin', 'Creado equipo: DELL OPTIPLEX 3040', '2025-12-01 18:20:29'),
(443, 'admin', 'Creado el componente ID: Tarjeta Madre', '2025-12-01 18:35:08'),
(444, 'admin', 'Creado el componente ID: Memoria RAM', '2025-12-01 18:35:47'),
(445, 'admin', 'Agregado RAM opcional para equipo: HP dc5800 small', '2025-12-01 21:24:58'),
(446, 'admin', 'Agregado RAM opcional para equipo: HP dc5800 small', '2025-12-01 21:25:40'),
(447, 'admin', 'Creado el componente ID: Tarjeta Madre', '2025-12-01 23:04:10'),
(448, 'admin', 'Creado el componente ID: Procesador', '2025-12-01 23:13:55'),
(449, 'admin', 'Creado el componente ID: Memoria RAM', '2025-12-02 12:59:27'),
(450, 'admin', 'Eliminado el componente ID: Memoria RAM', '2025-12-02 13:01:02'),
(451, 'admin', 'Actualizado el componente ID: Tarjeta Madre', '2025-12-02 14:12:32'),
(452, 'admin', 'Creado el componente ID: Memoria RAM', '2025-12-02 14:12:52'),
(453, 'admin', 'Eliminado el componente ID: Memoria RAM', '2025-12-02 14:14:22'),
(454, 'admin', 'Creado el componente ID: Memoria RAM', '2025-12-02 14:14:55'),
(455, 'admin', 'Creado el componente ID: Disco Duro', '2025-12-02 14:27:46'),
(456, 'admin', 'Creado el componente ID: Fuente de Poder', '2025-12-02 14:29:59'),
(457, 'admin', 'Creado el componente ID: Tarjeta Grafica', '2025-12-02 14:33:40'),
(458, 'admin', 'Creado el componente ID: Tarjeta Red', '2025-12-02 14:50:04'),
(459, 'admin', 'Creado el componente ID: Fan Cooler', '2025-12-02 14:51:43'),
(460, 'admin', 'Agregado componente opcional: Tarjeta WiFi para equipo: MINI VIT M2100-01-01', '2025-12-02 15:23:52'),
(461, 'admin', 'Agregó dirección: Dirección General de la Oficina de Tecnologia de Informacion y Telecomunicaciones', '2025-12-02 15:40:21'),
(462, 'admin', 'Creado equipo: LENOVO THINKPAKCENTRE M55', '2025-12-02 15:41:39'),
(463, 'admin', 'Creado el componente ID: Tarjeta Madre', '2025-12-02 17:03:24'),
(464, 'admin', 'Actualizó equipo: LENOVO THINKPAKCENTRE M55', '2025-12-02 17:07:46'),
(465, 'admin', 'Creado el componente ID: Procesador', '2025-12-02 17:16:13'),
(466, 'admin', 'Creado el componente ID: Memoria RAM', '2025-12-02 17:24:00'),
(467, 'admin', 'Creado el componente ID: Disco Duro', '2025-12-02 17:27:30'),
(468, 'admin', 'Creado el componente ID: Fuente de Poder', '2025-12-02 17:28:34'),
(469, 'admin', 'Creado el componente ID: Tarjeta Grafica', '2025-12-02 17:29:11'),
(470, 'admin', 'Creado el componente ID: Tarjeta Red', '2025-12-02 17:30:18'),
(471, 'admin', 'Creado el componente ID: Unidad Optica', '2025-12-02 17:31:43'),
(472, 'admin', 'Creado el componente ID: Fan Cooler', '2025-12-02 17:32:51'),
(473, 'admin', 'Agregó dirección: Dirección de Telecomunicaciones', '2025-12-02 17:44:07'),
(474, 'admin', 'Agregó división: Division de Infraestructura de Red', '2025-12-02 17:44:55'),
(475, 'admin', 'Creado equipo: HP PRODESK 400G1', '2025-12-02 17:46:22'),
(476, 'admin', 'Creado el componente ID: Tarjeta Madre', '2025-12-02 17:52:31'),
(477, 'admin', 'Creado el componente ID: Memoria RAM', '2025-12-02 17:54:05'),
(478, 'admin', 'Creado el componente ID: Procesador', '2025-12-02 17:57:59'),
(479, 'admin', 'Actualizado el componente ID: Procesador', '2025-12-02 17:58:58'),
(480, 'admin', 'Creado el componente ID: Disco Duro', '2025-12-02 18:00:45'),
(481, 'admin', 'Creado el componente ID: Fuente de Poder', '2025-12-02 18:02:34'),
(482, 'admin', 'Creado el componente ID: Tarjeta Grafica', '2025-12-02 18:05:22'),
(483, 'admin', 'Creado el componente ID: Tarjeta Red', '2025-12-02 18:06:23'),
(484, 'admin', 'Creado el componente ID: Unidad Optica', '2025-12-02 18:07:21'),
(485, 'admin', 'Creado el componente ID: Fan Cooler', '2025-12-02 18:07:56'),
(486, 'admin', 'Creado el componente ID: Procesador', '2025-12-02 18:12:28'),
(487, 'admin', 'Actualizado el componente ID: Tarjeta Madre', '2025-12-02 18:15:59'),
(488, 'admin', 'Actualizado el componente ID: Memoria RAM', '2025-12-02 18:16:08'),
(489, 'admin', 'Actualizado el componente ID: Memoria RAM', '2025-12-02 18:16:18'),
(490, 'admin', 'Creado el componente ID: Disco Duro', '2025-12-02 18:16:48'),
(491, 'admin', 'Creado el componente ID: Fuente de Poder', '2025-12-02 18:17:52'),
(492, 'admin', 'Creado el componente ID: Tarjeta Red', '2025-12-02 18:19:20'),
(493, 'admin', 'Creado el componente ID: Tarjeta Grafica', '2025-12-02 18:19:53'),
(494, 'admin', 'Creado el componente ID: Unidad Optica', '2025-12-02 18:20:16'),
(495, 'admin', 'Creado el componente ID: Fan Cooler', '2025-12-02 18:20:45'),
(496, 'admin', 'Creado equipo: HP PRODESK 400G1', '2025-12-02 18:40:11'),
(497, 'admin', 'Creado el componente ID: Tarjeta Madre', '2025-12-02 18:44:36'),
(498, 'admin', 'Agregado RAM opcional para equipo: DELL OPTIPLEX 3040', '2025-12-02 18:45:28'),
(499, 'admin', 'Creado el componente ID: Memoria RAM', '2025-12-02 18:48:39'),
(500, 'admin', 'Creado el componente ID: Procesador', '2025-12-02 18:55:40'),
(501, 'admin', 'Creado el componente ID: Disco Duro', '2025-12-02 18:57:08'),
(502, 'admin', 'Creado el componente ID: Fuente de Poder', '2025-12-02 18:58:44'),
(503, 'admin', 'Creado el componente ID: Tarjeta Grafica', '2025-12-02 18:59:25'),
(504, 'admin', 'Actualizado el componente ID: Tarjeta Grafica', '2025-12-02 18:59:42'),
(505, 'admin', 'Creado el componente ID: Tarjeta Red', '2025-12-02 19:00:48'),
(506, 'admin', 'Creado el componente ID: Unidad Optica', '2025-12-02 19:01:35'),
(507, 'admin', 'Creado el componente ID: Fan Cooler', '2025-12-02 19:01:59'),
(508, 'admin', 'Actualizó equipo: HP Compaq dc5800 small', '2025-12-02 19:06:01'),
(509, 'admin', 'Creado equipo: HP Compaq dc5800 small', '2025-12-02 19:07:28'),
(510, 'admin', 'Creado el componente ID: Tarjeta Madre', '2025-12-02 19:14:49'),
(511, 'admin', 'Actualizado el componente ID: Tarjeta Madre', '2025-12-02 19:15:39'),
(512, 'admin', 'Actualizado el componente ID: Tarjeta Madre', '2025-12-02 19:15:50'),
(513, 'admin', 'Actualizado el componente ID: Tarjeta Madre', '2025-12-02 19:16:10'),
(514, 'admin', 'Creado el componente ID: Memoria RAM', '2025-12-02 19:17:44'),
(515, 'admin', 'Creado el componente ID: Procesador', '2025-12-02 19:18:30'),
(516, 'admin', 'Creado el componente ID: Disco Duro', '2025-12-02 19:19:10'),
(517, 'admin', 'Creado el componente ID: Fuente de Poder', '2025-12-02 19:19:29'),
(518, 'admin', 'Creado el componente ID: Tarjeta Grafica', '2025-12-02 19:19:54'),
(519, 'admin', 'Creado el componente ID: Tarjeta Red', '2025-12-02 19:20:23'),
(520, 'admin', 'Actualizado el componente ID: Tarjeta Grafica', '2025-12-02 19:20:30'),
(521, 'admin', 'Actualizado el componente ID: Fuente de Poder', '2025-12-02 19:20:38'),
(522, 'admin', 'Actualizado el componente ID: Disco Duro', '2025-12-02 19:20:44'),
(523, 'admin', 'Actualizado el componente ID: Procesador', '2025-12-02 19:20:51'),
(524, 'admin', 'Actualizado el componente ID: Memoria RAM', '2025-12-02 19:20:59'),
(525, 'admin', 'Creado el componente ID: Unidad Optica', '2025-12-02 19:21:45'),
(526, 'admin', 'Creado el componente ID: Fan Cooler', '2025-12-02 19:22:01'),
(527, 'admin', 'Eliminado el componente ID: Tarjeta Grafica', '2025-12-15 18:28:33'),
(528, 'admin', 'Actualizado el componente ID: Memoria RAM', '2025-12-15 18:28:47'),
(529, 'admin', 'Creado equipo: RICARDO RIC', '2025-12-15 18:37:47'),
(530, 'admin', 'Agregó coordinación: ricardo', '2025-12-16 15:40:49'),
(531, 'admin', 'Agregó coordinación: ricardo2', '2025-12-16 15:42:57'),
(532, 'admin', 'Eliminó coordinación: ricardo', '2025-12-16 15:43:21'),
(533, 'admin', 'Eliminó coordinación: ricardo2', '2025-12-16 15:43:24'),
(534, 'admin', 'Agregado componente opcional: Fan Cooler para equipo: RICARDO RIC', '2025-12-17 13:25:55'),
(535, 'admin', 'Eliminado componente opcional ID: Fan Cooler', '2025-12-17 13:26:08'),
(536, 'admin', 'Agregó coordinación: ricardo', '2025-12-17 13:28:25'),
(537, 'admin', 'Eliminó coordinación: ricardo', '2025-12-17 13:28:46'),
(538, 'admin', 'Agregó división: ricardo', '2025-12-17 13:29:34'),
(539, 'admin', 'Eliminó división: ricardo', '2025-12-17 13:29:47'),
(540, 'admin', 'Creado el componente ID: Unidad Optica', '2025-12-17 14:24:02'),
(541, 'admin', 'Creado el componente ID: Fuente de Poder', '2025-12-17 14:24:56'),
(542, 'admin', 'Eliminado el componente ID: Fuente de Poder', '2025-12-17 14:25:14'),
(543, 'admin', 'Eliminado el componente ID: Unidad Optica', '2025-12-17 14:25:19'),
(544, 'admin', 'Creado el componente ID: Tarjeta Madre', '2025-12-17 14:26:12'),
(545, 'admin', 'Eliminado el componente ID: Tarjeta Madre', '2025-12-17 14:26:23'),
(546, 'admin', 'Creado el componente ID: Disco Duro', '2025-12-17 14:27:45'),
(547, 'admin', 'Creado el componente ID: Fan Cooler', '2025-12-17 14:44:29'),
(548, 'admin', 'Eliminado el componente ID: Fan Cooler', '2025-12-17 14:44:50'),
(549, 'admin', 'Eliminado el componente ID: Disco Duro', '2025-12-17 14:44:53'),
(550, 'admin', 'Creado el componente ID: Procesador', '2025-12-17 14:55:47'),
(551, 'admin', 'Eliminado el componente ID: Procesador', '2025-12-17 14:55:55'),
(552, 'admin', 'Creado el componente ID: Fan Cooler', '2025-12-17 15:02:20'),
(553, 'admin', 'Eliminado el componente ID: Fan Cooler', '2025-12-17 15:02:27'),
(554, 'admin', 'Agregó dirección: ricardo', '2025-12-17 16:47:34'),
(555, 'admin', 'Eliminó dirección: ricardo', '2025-12-17 16:47:40'),
(556, 'admin', 'Creado el componente ID: Disco Duro', '2025-12-29 14:11:55'),
(557, 'admin', 'Eliminado el componente ID: Disco Duro', '2025-12-29 14:12:04'),
(558, 'sistema', 'Agregó usuario: Ricardo', '2026-01-03 23:02:21'),
(559, 'sistema', 'Editó usuario ID: 6', '2026-01-03 23:07:59'),
(560, 'admin', 'Editó dirección: Dirección de Comunicaciones', '2026-01-06 16:05:28'),
(561, 'admin', 'Creado equipo: RICARDO RICu', '2026-01-08 02:23:04'),
(562, 'admin', 'Creado equipo: RICARDO 8hi', '2026-01-08 02:23:40'),
(563, 'admin', 'Eliminado equipo: RICARDO 8hi', '2026-01-13 13:59:59'),
(564, 'admin', 'Eliminado equipo: RICARDO RICu', '2026-01-13 14:00:07'),
(565, 'admin', 'Eliminado equipo: RICARDO RIC', '2026-01-13 14:00:18'),
(566, 'admin', 'Creado equipo: DELL OPTIPLEX XE2', '2026-01-13 14:03:51'),
(567, 'admin', 'Creado el componente ID: Tarjeta Madre', '2026-01-13 14:11:18'),
(568, 'admin', 'Creado el componente ID: Memoria RAM', '2026-01-13 14:14:23'),
(569, 'admin', 'Creado el componente ID: Procesador', '2026-01-13 14:18:35'),
(570, 'admin', 'Creado el componente ID: Fuente de Poder', '2026-01-13 14:20:49'),
(571, 'admin', 'Creado el componente ID: Disco Duro', '2026-01-13 14:21:27'),
(572, 'admin', 'Creado el componente ID: Tarjeta Grafica', '2026-01-13 14:22:30'),
(573, 'admin', 'Creado el componente ID: Tarjeta Red', '2026-01-13 14:24:03'),
(574, 'admin', 'Creado el componente ID: Unidad Optica', '2026-01-13 14:24:48'),
(575, 'admin', 'Creado el componente ID: Fan Cooler', '2026-01-13 14:28:54'),
(576, 'admin', 'Creado equipo: DELL OPTIPLEX 3040', '2026-01-13 14:37:31'),
(577, 'admin', 'Creado el componente ID: Tarjeta Madre', '2026-01-13 14:45:09'),
(578, 'admin', 'Actualizó equipo: DELL OPTIPLEX XE2', '2026-01-13 14:46:16'),
(579, 'admin', 'Eliminado equipo: LENOVO LM753', '2026-01-13 14:51:38'),
(580, 'admin', 'Eliminado equipo: HP Compaq dc5800 small', '2026-01-13 14:51:46'),
(581, 'admin', 'Eliminado equipo: MINI VIT M2100-01-01', '2026-01-13 14:51:56'),
(582, 'admin', 'Eliminado equipo: DELL OPTIPLEX 3040', '2026-01-13 14:52:03'),
(583, 'admin', 'Eliminado equipo: LENOVO THINKPAKCENTRE M55', '2026-01-13 14:52:13'),
(584, 'admin', 'Eliminado equipo: DELL OPTIPLEX XE2', '2026-01-13 14:52:21'),
(585, 'admin', 'Eliminado equipo: HP PRODESK 400G1', '2026-01-13 14:52:34'),
(586, 'admin', 'Eliminado equipo: HP PRODESK 400G1', '2026-01-13 14:52:41'),
(587, 'admin', 'Eliminado equipo: HP Compaq dc5800 small', '2026-01-13 14:52:50'),
(588, 'admin', 'Creado el componente ID: Memoria RAM', '2026-01-13 14:53:52'),
(589, 'admin', 'Creado el componente ID: Procesador', '2026-01-13 14:58:09'),
(590, 'admin', 'Creado el componente ID: Fuente de Poder', '2026-01-13 15:00:37'),
(591, 'admin', 'Creado el componente ID: Disco Duro', '2026-01-13 15:01:12'),
(592, 'admin', 'Creado el componente ID: Tarjeta Grafica', '2026-01-13 15:01:56'),
(593, 'admin', 'Creado el componente ID: Tarjeta Red', '2026-01-13 15:02:44'),
(594, 'admin', 'Creado el componente ID: Fan Cooler', '2026-01-13 15:03:34'),
(595, 'admin', 'Actualizó equipo: DELL OPTIPLEX 3040', '2026-01-13 15:04:13'),
(596, 'admin', 'Creado equipo: DELL OPTIPLEX XE2', '2026-01-13 15:13:22'),
(597, 'admin', 'Actualizó equipo: DELL OPTIPLEX XE2', '2026-01-13 15:13:40'),
(598, 'admin', 'Creado el componente ID: Tarjeta Madre', '2026-01-13 15:24:20'),
(599, 'admin', 'Creado el componente ID: Memoria RAM', '2026-01-13 15:25:22'),
(600, 'admin', 'Eliminado componente opcional ID: Memoria Ram', '2026-01-13 15:25:35'),
(601, 'admin', 'Eliminado componente opcional ID: Tarjeta de Sonido', '2026-01-13 15:25:39'),
(602, 'admin', 'Eliminado componente opcional ID: Tarjeta WiFi', '2026-01-13 15:25:42'),
(603, 'admin', 'Agregado RAM opcional para equipo: DELL OPTIPLEX XE2', '2026-01-13 15:26:05'),
(604, 'admin', 'Creado el componente ID: Procesador', '2026-01-13 15:29:40'),
(605, 'admin', 'Creado el componente ID: Fuente de Poder', '2026-01-13 15:31:39'),
(606, 'admin', 'Creado el componente ID: Disco Duro', '2026-01-13 15:33:17'),
(607, 'admin', 'Creado el componente ID: Tarjeta Grafica', '2026-01-13 15:33:51'),
(608, 'admin', 'Creado el componente ID: Tarjeta Red', '2026-01-13 15:34:14'),
(609, 'admin', 'Creado el componente ID: Unidad Optica', '2026-01-13 15:34:33'),
(610, 'admin', 'Creado el componente ID: Fan Cooler', '2026-01-13 15:34:53'),
(611, 'admin', 'Creado equipo: MSI M5-71385', '2026-01-13 15:49:38'),
(612, 'admin', 'Creado el componente ID: Tarjeta Madre', '2026-01-13 17:13:12'),
(613, 'admin', 'Creado el componente ID: Memoria RAM', '2026-01-13 17:15:03'),
(614, 'admin', 'Creado el componente ID: Procesador', '2026-01-13 17:16:55'),
(615, 'admin', 'Creado el componente ID: Fuente de Poder', '2026-01-13 17:19:32'),
(616, 'admin', 'Creado el componente ID: Disco Duro', '2026-01-13 17:25:42'),
(617, 'admin', 'Creado el componente ID: Tarjeta Grafica', '2026-01-13 17:26:21'),
(618, 'admin', 'Creado el componente ID: Tarjeta Red', '2026-01-13 17:27:05'),
(619, 'admin', 'Actualizó equipo: MSI M5-71385', '2026-01-13 17:27:32'),
(620, 'admin', 'Creado equipo: HP COMPAQ DX5600', '2026-01-13 17:34:50'),
(621, 'admin', 'Actualizó equipo: HP COMPAQ DX5600', '2026-01-13 17:35:16'),
(622, 'admin', 'Creado el componente ID: Tarjeta Madre', '2026-01-13 17:48:55'),
(623, 'admin', 'Creado el componente ID: Memoria RAM', '2026-01-13 17:50:16'),
(624, 'admin', 'Creado el componente ID: Procesador', '2026-01-13 17:51:52'),
(625, 'admin', 'Creado el componente ID: Fuente de Poder', '2026-01-13 17:53:19'),
(626, 'admin', 'Creado el componente ID: Disco Duro', '2026-01-13 17:53:51'),
(627, 'admin', 'Creado el componente ID: Tarjeta Grafica', '2026-01-13 17:55:20'),
(628, 'admin', 'Creado el componente ID: Tarjeta Red', '2026-01-13 17:56:19'),
(629, 'admin', 'Creado el componente ID: Unidad Optica', '2026-01-13 17:57:03'),
(630, 'admin', 'Creado el componente ID: Fan Cooler', '2026-01-13 17:58:03'),
(631, 'admin', 'Creado equipo: HP COMPAQ DX5800', '2026-01-13 18:21:04'),
(632, 'admin', 'Actualizó equipo: HP COMPAQ DX5800', '2026-01-13 18:22:02'),
(633, 'admin', 'Creado el componente ID: Tarjeta Madre', '2026-01-13 18:30:40'),
(634, 'admin', 'Creado el componente ID: Memoria RAM', '2026-01-13 18:32:04'),
(635, 'admin', 'Agregado RAM opcional para equipo: HP COMPAQ DX5800', '2026-01-13 18:32:57'),
(636, 'admin', 'Creado el componente ID: Procesador', '2026-01-13 18:35:07'),
(637, 'admin', 'Creado el componente ID: Fuente de Poder', '2026-01-13 18:36:31'),
(638, 'admin', 'Creado el componente ID: Disco Duro', '2026-01-13 18:37:01'),
(639, 'admin', 'Creado el componente ID: Tarjeta Grafica', '2026-01-13 18:37:44'),
(640, 'admin', 'Creado el componente ID: Tarjeta Red', '2026-01-13 18:38:20'),
(641, 'admin', 'Creado el componente ID: Unidad Optica', '2026-01-13 18:38:51'),
(642, 'admin', 'Actualizado el componente ID: Unidad Optica', '2026-01-13 18:39:10'),
(643, 'admin', 'Eliminado el componente ID: Unidad Optica', '2026-01-13 18:39:25'),
(644, 'admin', 'Creado el componente ID: Unidad Optica', '2026-01-13 18:39:42'),
(645, 'admin', 'Creado el componente ID: Fan Cooler', '2026-01-13 18:41:11'),
(646, 'admin', 'Creado equipo: VIT MINI M2100', '2026-01-13 18:49:49'),
(647, 'admin', 'Creado el componente ID: Tarjeta Madre', '2026-01-13 18:54:49'),
(648, 'admin', 'Creado el componente ID: Memoria RAM', '2026-01-13 19:01:49'),
(649, 'admin', 'Creado el componente ID: Procesador', '2026-01-13 19:03:38'),
(650, 'admin', 'Creado el componente ID: Fuente de Poder', '2026-01-13 19:04:37'),
(651, 'admin', 'Creado el componente ID: Disco Duro', '2026-01-13 19:05:00'),
(652, 'admin', 'Creado el componente ID: Tarjeta Grafica', '2026-01-13 19:05:43'),
(653, 'admin', 'Creado el componente ID: Tarjeta Red', '2026-01-13 19:06:41'),
(654, 'admin', 'Creado el componente ID: Fan Cooler', '2026-01-13 19:08:27'),
(655, 'admin', 'Creado equipo: HP PRODESK', '2026-01-15 14:39:53'),
(656, 'admin', 'Creado el componente ID: Tarjeta Madre', '2026-01-15 14:45:23'),
(657, 'admin', 'Creado el componente ID: Memoria RAM', '2026-01-15 14:47:37'),
(658, 'admin', 'Creado el componente ID: Procesador', '2026-01-15 14:49:16'),
(659, 'admin', 'Creado el componente ID: Fuente de Poder', '2026-01-15 14:50:23'),
(660, 'admin', 'Creado el componente ID: Disco Duro', '2026-01-15 14:50:52'),
(661, 'admin', 'Creado el componente ID: Tarjeta Grafica', '2026-01-15 14:51:41'),
(662, 'admin', 'Creado el componente ID: Tarjeta Red', '2026-01-15 14:52:14'),
(663, 'admin', 'Creado el componente ID: Unidad Optica', '2026-01-15 14:52:58'),
(664, 'admin', 'Creado el componente ID: Fan Cooler', '2026-01-15 14:53:32'),
(665, 'admin', 'Actualizado el componente ID: Fan Cooler', '2026-01-15 14:53:44'),
(666, 'admin', 'Eliminado el componente ID: Fan Cooler', '2026-01-15 14:53:49'),
(667, 'admin', 'Creado el componente ID: Fan Cooler', '2026-01-15 14:54:17'),
(668, 'admin', 'Creado equipo: HP CORE 2 DUO', '2026-01-15 15:14:47'),
(669, 'admin', 'Creado el componente ID: Tarjeta Madre', '2026-01-15 15:17:25'),
(670, 'admin', 'Creado el componente ID: Memoria RAM', '2026-01-15 15:18:23'),
(671, 'admin', 'Creado el componente ID: Procesador', '2026-01-15 15:19:05'),
(672, 'admin', 'Creado el componente ID: Fuente de Poder', '2026-01-15 15:20:10'),
(673, 'admin', 'Creado el componente ID: Disco Duro', '2026-01-15 15:20:55'),
(674, 'admin', 'Creado el componente ID: Tarjeta Grafica', '2026-01-15 15:21:47'),
(675, 'admin', 'Creado el componente ID: Tarjeta Red', '2026-01-15 15:22:25'),
(676, 'admin', 'Creado el componente ID: Unidad Optica', '2026-01-15 15:22:56'),
(677, 'admin', 'Creado el componente ID: Fan Cooler', '2026-01-15 15:23:36'),
(678, 'admin', 'Actualizó equipo: HP CORE 2 DUO', '2026-01-15 15:24:57'),
(679, 'admin', 'Actualizó equipo: HP PRODESK', '2026-01-15 15:25:50'),
(680, 'admin', 'Creado equipo: HP COMPAQ DX5800', '2026-01-15 15:44:25'),
(681, 'admin', 'Creado el componente ID: Tarjeta Madre', '2026-01-15 15:47:52'),
(682, 'admin', 'Creado el componente ID: Memoria RAM', '2026-01-15 15:49:00'),
(683, 'admin', 'Creado el componente ID: Procesador', '2026-01-15 15:53:14'),
(684, 'admin', 'Creado el componente ID: Fuente de Poder', '2026-01-15 15:54:50'),
(685, 'admin', 'Creado el componente ID: Disco Duro', '2026-01-15 15:55:42'),
(686, 'admin', 'Creado el componente ID: Tarjeta Grafica', '2026-01-15 15:56:19'),
(687, 'admin', 'Creado el componente ID: Tarjeta Red', '2026-01-15 15:56:48'),
(688, 'admin', 'Creado el componente ID: Unidad Optica', '2026-01-15 15:57:10'),
(689, 'admin', 'Creado el componente ID: Fan Cooler', '2026-01-15 15:57:36'),
(690, 'admin', 'Actualizó equipo: HP COMPAQ DX5800', '2026-01-15 15:58:22'),
(691, 'admin', 'Creado equipo: VIT MINI M-2100', '2026-01-15 17:13:21'),
(692, 'admin', 'Creado el componente ID: Tarjeta Madre', '2026-01-15 17:19:27'),
(693, 'admin', 'Creado el componente ID: Memoria RAM', '2026-01-15 17:20:42'),
(694, 'admin', 'Creado el componente ID: Procesador', '2026-01-15 17:21:44'),
(695, 'admin', 'Creado el componente ID: Fuente de Poder', '2026-01-15 17:28:26'),
(696, 'admin', 'Creado el componente ID: Disco Duro', '2026-01-15 17:28:49'),
(697, 'admin', 'Creado el componente ID: Tarjeta Grafica', '2026-01-15 17:29:34'),
(698, 'admin', 'Creado el componente ID: Tarjeta Red', '2026-01-15 17:31:31'),
(699, 'admin', 'Agregado componente opcional: Tarjeta de Red para equipo: VIT MINI M-2100', '2026-01-15 17:32:53'),
(700, 'admin', 'Creado el componente ID: Fan Cooler', '2026-01-15 17:36:27'),
(701, 'admin', 'Actualizó equipo: VIT MINI M-2100', '2026-01-15 17:37:05'),
(702, 'admin', 'Creado equipo: LENOVO M55 TINKCENTRE', '2026-01-15 17:41:46'),
(703, 'admin', 'Creado el componente ID: Tarjeta Madre', '2026-01-15 17:46:41'),
(704, 'admin', 'Creado el componente ID: Memoria RAM', '2026-01-15 17:47:32'),
(705, 'admin', 'Creado el componente ID: Procesador', '2026-01-15 17:48:20'),
(706, 'admin', 'Creado el componente ID: Fuente de Poder', '2026-01-15 17:48:38'),
(707, 'admin', 'Eliminado el componente ID: Fuente de Poder', '2026-01-15 17:48:52'),
(708, 'admin', 'Creado el componente ID: Fuente de Poder', '2026-01-15 17:49:41'),
(709, 'admin', 'Creado el componente ID: Disco Duro', '2026-01-15 17:50:24'),
(710, 'admin', 'Creado el componente ID: Tarjeta Grafica', '2026-01-15 17:51:07'),
(711, 'admin', 'Creado el componente ID: Tarjeta Red', '2026-01-15 17:52:01'),
(712, 'admin', 'Creado el componente ID: Unidad Optica', '2026-01-15 17:52:26'),
(713, 'admin', 'Creado el componente ID: Fan Cooler', '2026-01-15 17:52:58'),
(714, 'admin', 'Creado equipo: HP PRODESK', '2026-01-15 18:30:59'),
(715, 'admin', 'Actualizó equipo: LENOVO M55 TINKCENTRE', '2026-01-15 18:31:25'),
(716, 'admin', 'Actualizó equipo: HP PRODESK', '2026-01-15 18:31:48'),
(717, 'admin', 'Creado el componente ID: Tarjeta Madre', '2026-01-15 18:34:44'),
(718, 'admin', 'Creado el componente ID: Memoria RAM', '2026-01-15 18:44:57'),
(719, 'admin', 'Creado el componente ID: Procesador', '2026-01-15 18:45:47'),
(720, 'admin', 'Creado el componente ID: Fuente de Poder', '2026-01-15 18:46:41'),
(721, 'admin', 'Creado el componente ID: Disco Duro', '2026-01-15 18:47:12'),
(722, 'admin', 'Creado el componente ID: Tarjeta Grafica', '2026-01-15 18:47:53'),
(723, 'admin', 'Creado el componente ID: Tarjeta Red', '2026-01-15 18:48:13'),
(724, 'admin', 'Creado el componente ID: Unidad Optica', '2026-01-15 18:48:37'),
(725, 'admin', 'Creado el componente ID: Fan Cooler', '2026-01-15 18:49:06'),
(726, 'admin', 'Creado equipo: HP PRODESK', '2026-01-15 18:52:18'),
(727, 'admin', 'Actualizó equipo: HP PRODESK', '2026-01-15 18:52:33'),
(728, 'admin', 'Creado el componente ID: Tarjeta Madre', '2026-01-15 18:55:21'),
(729, 'admin', 'Creado el componente ID: Memoria RAM', '2026-01-15 19:01:18'),
(730, 'admin', 'Creado el componente ID: Procesador', '2026-01-15 19:01:58'),
(731, 'admin', 'Creado el componente ID: Fuente de Poder', '2026-01-15 19:02:41'),
(732, 'admin', 'Creado el componente ID: Disco Duro', '2026-01-15 19:03:04'),
(733, 'admin', 'Actualizado el componente ID: Disco Duro', '2026-01-15 19:03:16'),
(734, 'admin', 'Actualizado el componente ID: Disco Duro', '2026-01-15 19:03:26'),
(735, 'admin', 'Eliminado el componente ID: Disco Duro', '2026-01-15 19:03:33'),
(736, 'admin', 'Creado el componente ID: Disco Duro', '2026-01-15 19:03:51'),
(737, 'admin', 'Creado el componente ID: Tarjeta Grafica', '2026-01-15 19:04:15'),
(738, 'admin', 'Creado el componente ID: Tarjeta Red', '2026-01-15 19:04:38'),
(739, 'admin', 'Creado el componente ID: Unidad Optica', '2026-01-15 19:04:58'),
(740, 'admin', 'Creado el componente ID: Fan Cooler', '2026-01-15 19:05:29'),
(741, 'admin', 'Creado equipo: VIT MINI PENTIUM', '2026-01-15 19:08:18'),
(742, 'admin', 'Creado el componente ID: Tarjeta Madre', '2026-01-19 13:56:20'),
(743, 'admin', 'Creado el componente ID: Memoria RAM', '2026-01-19 13:56:50'),
(744, 'admin', 'Creado el componente ID: Procesador', '2026-01-19 13:57:52'),
(745, 'admin', 'Creado el componente ID: Fuente de Poder', '2026-01-19 13:58:58'),
(746, 'admin', 'Creado el componente ID: Disco Duro', '2026-01-19 13:59:22'),
(747, 'admin', 'Creado el componente ID: Tarjeta Grafica', '2026-01-19 14:00:55'),
(748, 'admin', 'Creado el componente ID: Tarjeta Red', '2026-01-19 14:01:35'),
(749, 'admin', 'Creado el componente ID: Fan Cooler', '2026-01-19 14:02:19'),
(750, 'admin', 'Actualizó equipo: VIT MINI PENTIUM', '2026-01-19 14:02:57'),
(751, 'admin', 'Creado equipo: HP COMPAQ DX5800', '2026-01-19 14:08:25'),
(752, 'admin', 'Actualizó equipo: HP COMPAQ DX5800', '2026-01-19 14:09:11'),
(753, 'admin', 'Creado el componente ID: Tarjeta Madre', '2026-01-19 14:15:03'),
(754, 'admin', 'Creado el componente ID: Memoria RAM', '2026-01-19 14:20:27'),
(755, 'admin', 'Creado el componente ID: Memoria RAM', '2026-01-19 14:21:34'),
(756, 'admin', 'Agregado RAM opcional para equipo: HP COMPAQ DX5800', '2026-01-19 14:22:08'),
(757, 'admin', 'Creado el componente ID: Procesador', '2026-01-19 14:23:24'),
(758, 'admin', 'Creado el componente ID: Fuente de Poder', '2026-01-19 14:26:45'),
(759, 'admin', 'Creado el componente ID: Disco Duro', '2026-01-19 14:27:25'),
(760, 'admin', 'Creado el componente ID: Tarjeta Grafica', '2026-01-19 14:28:07'),
(761, 'admin', 'Creado el componente ID: Tarjeta Red', '2026-01-19 14:28:37'),
(762, 'admin', 'Creado el componente ID: Unidad Optica', '2026-01-19 14:28:56'),
(763, 'admin', 'Creado el componente ID: Fan Cooler', '2026-01-19 14:29:25'),
(764, 'admin', 'Creado equipo: HP COMPAQ DX5800', '2026-01-19 14:43:24'),
(765, 'admin', 'Creado el componente ID: Tarjeta Madre', '2026-01-19 14:48:00'),
(766, 'admin', 'Creado el componente ID: Memoria RAM', '2026-01-19 14:48:35'),
(767, 'admin', 'Agregado RAM opcional para equipo: HP COMPAQ DX5800', '2026-01-19 14:49:09'),
(768, 'admin', 'Agregado RAM opcional para equipo: HP COMPAQ DX5800', '2026-01-19 14:49:28'),
(769, 'admin', 'Creado el componente ID: Procesador', '2026-01-19 14:50:09'),
(770, 'admin', 'Creado el componente ID: Fuente de Poder', '2026-01-19 14:50:43'),
(771, 'admin', 'Creado el componente ID: Disco Duro', '2026-01-19 14:51:10'),
(772, 'admin', 'Creado el componente ID: Tarjeta Grafica', '2026-01-19 14:51:47'),
(773, 'admin', 'Creado el componente ID: Tarjeta Red', '2026-01-19 14:52:11'),
(774, 'admin', 'Creado el componente ID: Unidad Optica', '2026-01-19 14:52:28'),
(775, 'admin', 'Creado el componente ID: Fan Cooler', '2026-01-19 14:52:54'),
(776, 'admin', 'Creado equipo: HP COMPAQ DX5800', '2026-01-19 15:01:02'),
(777, 'admin', 'Creado el componente ID: Tarjeta Madre', '2026-01-19 15:12:28'),
(778, 'admin', 'Creado el componente ID: Memoria RAM', '2026-01-19 15:13:39');
INSERT INTO `logs` (`id_log`, `usuario`, `accion`, `fecha`) VALUES
(779, 'admin', 'Agregado RAM opcional para equipo: HP COMPAQ DX5800', '2026-01-19 15:14:20'),
(780, 'admin', 'Agregado RAM opcional para equipo: HP COMPAQ DX5800', '2026-01-19 15:14:41'),
(781, 'admin', 'Actualizó equipo: HP COMPAQ DX5800', '2026-01-19 15:16:37'),
(782, 'admin', 'Creado el componente ID: Procesador', '2026-01-19 15:19:29'),
(783, 'admin', 'Creado el componente ID: Fuente de Poder', '2026-01-19 15:30:45'),
(784, 'admin', 'Creado el componente ID: Disco Duro', '2026-01-19 15:31:05'),
(785, 'admin', 'Creado el componente ID: Tarjeta Grafica', '2026-01-19 15:31:36'),
(786, 'admin', 'Creado el componente ID: Tarjeta Red', '2026-01-19 15:32:12'),
(787, 'admin', 'Creado el componente ID: Unidad Optica', '2026-01-19 15:32:28'),
(788, 'admin', 'Creado el componente ID: Fan Cooler', '2026-01-19 15:33:00'),
(789, 'admin', 'Creado equipo: VIT MINI M-2100', '2026-01-19 15:37:23'),
(790, 'admin', 'Creado el componente ID: Tarjeta Madre', '2026-01-19 15:44:12'),
(791, 'admin', 'Creado el componente ID: Memoria RAM', '2026-01-19 15:44:44'),
(792, 'admin', 'Creado el componente ID: Procesador', '2026-01-19 15:45:19'),
(793, 'admin', 'Creado el componente ID: Fuente de Poder', '2026-01-19 15:46:08'),
(794, 'admin', 'Creado el componente ID: Disco Duro', '2026-01-19 15:46:27'),
(795, 'admin', 'Creado el componente ID: Tarjeta Grafica', '2026-01-19 15:46:59'),
(796, 'admin', 'Creado el componente ID: Tarjeta Red', '2026-01-19 15:47:17'),
(797, 'admin', 'Creado el componente ID: Fan Cooler', '2026-01-19 15:47:40'),
(798, 'admin', 'Actualizó equipo: VIT MINI M-2100', '2026-01-19 15:52:30'),
(799, 'admin', 'Creado equipo: VIT MINI M-2100', '2026-01-19 15:58:50'),
(800, 'admin', 'Actualizó equipo: VIT MINI M-2100', '2026-01-19 15:59:04'),
(801, 'admin', 'Creado el componente ID: Tarjeta Madre', '2026-01-19 16:00:23'),
(802, 'admin', 'Creado el componente ID: Memoria RAM', '2026-01-19 16:00:49'),
(803, 'admin', 'Creado el componente ID: Procesador', '2026-01-19 16:01:27'),
(804, 'admin', 'Creado el componente ID: Fuente de Poder', '2026-01-19 16:02:06'),
(805, 'admin', 'Creado el componente ID: Disco Duro', '2026-01-19 16:02:23'),
(806, 'admin', 'Creado el componente ID: Tarjeta Grafica', '2026-01-19 16:02:52'),
(807, 'admin', 'Creado el componente ID: Tarjeta Red', '2026-01-19 16:03:12'),
(808, 'admin', 'Creado el componente ID: Fan Cooler', '2026-01-19 16:03:48'),
(809, 'admin', 'Creado equipo: DELL OPTIPLEX 3040', '2026-01-19 16:42:23'),
(810, 'admin', 'Creado el componente ID: Tarjeta Madre', '2026-01-19 16:44:08'),
(811, 'admin', 'Creado el componente ID: Memoria RAM', '2026-01-19 16:44:53'),
(812, 'admin', 'Agregado RAM opcional para equipo: DELL OPTIPLEX 3040', '2026-01-19 16:45:25'),
(813, 'admin', 'Creado el componente ID: Procesador', '2026-01-19 16:46:46'),
(814, 'admin', 'Creado el componente ID: Fuente de Poder', '2026-01-19 16:47:54'),
(815, 'admin', 'Creado el componente ID: Disco Duro', '2026-01-19 16:48:19'),
(816, 'admin', 'Creado el componente ID: Tarjeta Grafica', '2026-01-19 16:48:55'),
(817, 'admin', 'Creado el componente ID: Tarjeta Red', '2026-01-19 16:49:16'),
(818, 'admin', 'Creado el componente ID: Unidad Optica', '2026-01-19 16:49:47'),
(819, 'admin', 'Creado el componente ID: Fan Cooler', '2026-01-19 16:50:20'),
(820, 'admin', 'Actualizó equipo: DELL OPTIPLEX 3040', '2026-01-19 16:55:26'),
(821, 'admin', 'Creado equipo: HP COMPAQ DX5800', '2026-01-19 17:09:18'),
(822, 'admin', 'Creado el componente ID: Tarjeta Madre', '2026-01-19 17:14:54'),
(823, 'admin', 'Creado el componente ID: Memoria RAM', '2026-01-19 17:20:17'),
(824, 'admin', 'Creado el componente ID: Procesador', '2026-01-19 17:20:56'),
(825, 'admin', 'Creado el componente ID: Fuente de Poder', '2026-01-19 17:21:33'),
(826, 'admin', 'Creado el componente ID: Disco Duro', '2026-01-19 17:22:13'),
(827, 'admin', 'Creado el componente ID: Tarjeta Grafica', '2026-01-19 17:22:40'),
(828, 'admin', 'Creado el componente ID: Tarjeta Red', '2026-01-19 17:23:03'),
(829, 'admin', 'Creado el componente ID: Unidad Optica', '2026-01-19 17:23:33'),
(830, 'admin', 'Creado el componente ID: Fan Cooler', '2026-01-19 17:24:01'),
(831, 'admin', 'Actualizó equipo: HP COMPAQ DX5800', '2026-01-19 17:24:25'),
(832, 'admin', 'Actualizó equipo: HP COMPAQ DX5800', '2026-01-21 15:17:27'),
(833, 'admin', 'Actualizó equipo: VIT MINI M2100', '2026-01-21 15:20:49');

-- --------------------------------------------------------

--
-- Estructura de tabla para la tabla `software`
--

CREATE TABLE `software` (
  `id_software` int(11) NOT NULL,
  `id_equipo` int(11) NOT NULL,
  `nombre` varchar(50) DEFAULT NULL,
  `version` varchar(50) DEFAULT NULL,
  `tipo` varchar(50) DEFAULT NULL,
  `bits` enum('32','64','','') DEFAULT NULL
) ENGINE=InnoDB DEFAULT CHARSET=utf8mb4 COLLATE=utf8mb4_general_ci;

--
-- Volcado de datos para la tabla `software`
--

INSERT INTO `software` (`id_software`, `id_equipo`, `nombre`, `version`, `tipo`, `bits`) VALUES
(203, 29, 'Windows', '10', 'Sistema Operativo', '32'),
(204, 29, 'Microsoft Office', '2016', 'Ofimática', '32'),
(205, 29, 'Chrome', '', 'Navegador', NULL),
(206, 29, 'Firefox', '', 'Navegador', NULL),
(207, 29, 'Edge', '', 'Navegador', NULL),
(213, 30, 'Windows', '10 PRO', 'Sistema Operativo', '64'),
(214, 30, 'Microsoft Office', '2019', 'Ofimática', '64'),
(215, 30, 'Firefox', '', 'Navegador', NULL),
(216, 30, 'Edge', '', 'Navegador', NULL),
(217, 30, 'Opera', '', 'Navegador', NULL),
(223, 31, 'Windows', '10 PRO', 'Sistema Operativo', '64'),
(224, 31, 'Microsoft Office', '2016', 'Ofimática', '64'),
(225, 31, 'Chrome', '', 'Navegador', NULL),
(226, 31, 'Firefox', '', 'Navegador', NULL),
(227, 31, 'Edge', '', 'Navegador', NULL),
(232, 32, 'Windows', '7', 'Sistema Operativo', '32'),
(233, 32, 'Microsoft Office', '2007', 'Ofimática', '32'),
(234, 32, 'Chrome', '', 'Navegador', NULL),
(235, 32, 'Internet Explore', '', 'Navegador', NULL),
(241, 33, 'Windows', '10 PRO', 'Sistema Operativo', '32'),
(242, 33, 'Microsoft Office', '2016', 'Ofimática', '32'),
(243, 33, 'Chrome', '', 'Navegador', NULL),
(244, 33, 'Firefox', '', 'Navegador', NULL),
(245, 33, 'Edge', '', 'Navegador', NULL),
(259, 36, 'Windows', '10', 'Sistema Operativo', '64'),
(260, 36, 'Microsoft Office', '2016', 'Ofimática', '64'),
(261, 36, 'Chrome', '', 'Navegador', NULL),
(262, 36, 'Edge', '', 'Navegador', NULL),
(263, 35, 'Windows', '7', 'Sistema Operativo', '32'),
(264, 35, 'Microsoft Office', '2016', 'Ofimática', '32'),
(265, 35, 'Chrome', '', 'Navegador', NULL),
(266, 35, 'Internet Explore', '', 'Navegador', NULL),
(271, 37, 'Windows', '7', 'Sistema Operativo', '32'),
(272, 37, 'Microsoft Office', '2007', 'Ofimática', '32'),
(273, 37, 'Chrome', '', 'Navegador', NULL),
(274, 37, 'Firefox', '', 'Navegador', NULL),
(279, 38, 'Windows', '10 PRO', 'Sistema Operativo', '32'),
(280, 38, 'Microsoft Office', '2010', 'Ofimática', '32'),
(281, 38, 'Chrome', '', 'Navegador', NULL),
(282, 38, 'Edge', '', 'Navegador', NULL),
(292, 39, 'Windows', '7  ULTIMATE', 'Sistema Operativo', '32'),
(293, 39, 'Microsoft Office', '2007', 'Ofimática', '32'),
(294, 39, 'Chrome', '', 'Navegador', NULL),
(295, 39, 'Internet Explore', '', 'Navegador', NULL),
(296, 40, 'Windows', '10', 'Sistema Operativo', '64'),
(297, 40, 'Microsoft Office', '2016', 'Ofimática', '64'),
(298, 40, 'Chrome', '', 'Navegador', NULL),
(299, 40, 'Firefox', '', 'Navegador', NULL),
(300, 40, 'Edge', '', 'Navegador', NULL),
(306, 41, 'Windows', '10', 'Sistema Operativo', '64'),
(307, 41, 'Microsoft Office', '2016', 'Ofimática', '64'),
(308, 41, 'Chrome', '', 'Navegador', NULL),
(309, 41, 'Firefox', '', 'Navegador', NULL),
(310, 41, 'Edge', '', 'Navegador', NULL),
(316, 42, 'Windows', '10 PRO', 'Sistema Operativo', '32'),
(317, 42, 'Microsoft Office', '2013', 'Ofimática', '32'),
(318, 42, 'Chrome', '', 'Navegador', NULL),
(319, 42, 'Firefox', '', 'Navegador', NULL),
(320, 42, 'Edge', '', 'Navegador', NULL),
(325, 43, 'Windows', '10 PRO', 'Sistema Operativo', '32'),
(326, 43, 'Microsoft Office', '2016', 'Ofimática', '32'),
(327, 43, 'Chrome', '', 'Navegador', NULL),
(328, 43, 'Edge', '', 'Navegador', NULL),
(337, 45, 'Windows', '10 PRO', 'Sistema Operativo', '32'),
(338, 45, 'Microsoft Office', '2016', 'Ofimática', '32'),
(339, 45, 'Chrome', '', 'Navegador', NULL),
(340, 45, 'Edge', '', 'Navegador', NULL),
(345, 46, 'Windows', '10', 'Sistema Operativo', '32'),
(346, 46, 'Microsoft Office', '2016', 'Ofimática', '32'),
(347, 46, 'Chrome', '', 'Navegador', NULL),
(348, 46, 'Edge', '', 'Navegador', NULL),
(354, 47, 'Windows', '10 PRO', 'Sistema Operativo', '32'),
(355, 47, 'Microsoft Office', '2013', 'Ofimática', '32'),
(356, 47, 'Chrome', '', 'Navegador', NULL),
(357, 47, 'Firefox', '', 'Navegador', NULL),
(358, 47, 'Edge', '', 'Navegador', NULL),
(364, 48, 'Windows', '10', 'Sistema Operativo', '64'),
(365, 48, 'Microsoft Office', '2019', 'Ofimática', '64'),
(366, 48, 'Chrome', '', 'Navegador', NULL),
(367, 48, 'Firefox', '', 'Navegador', NULL),
(368, 48, 'Edge', '', 'Navegador', NULL),
(373, 49, 'Windows', '10', 'Sistema Operativo', '32'),
(374, 49, 'Microsoft Office', '2016', 'Ofimática', '32'),
(375, 49, 'Chrome', '', 'Navegador', NULL),
(376, 49, 'Firefox', '', 'Navegador', NULL),
(377, 44, 'Windows', '10', 'Sistema Operativo', '32'),
(378, 44, 'Microsoft Office', '2016', 'Ofimática', '32'),
(379, 44, 'Chrome', '', 'Navegador', NULL),
(380, 44, 'Edge', '', 'Navegador', NULL),
(381, 34, 'Windows', '10 PRO', 'Sistema Operativo', '32'),
(382, 34, 'Microsoft Office', '2016', 'Ofimática', '32'),
(383, 34, 'Chrome', '', 'Navegador', NULL),
(384, 34, 'Firefox', '', 'Navegador', NULL),
(385, 34, 'Edge', '', 'Navegador', NULL);

-- --------------------------------------------------------

--
-- Estructura de tabla para la tabla `usuarios`
--

CREATE TABLE `usuarios` (
  `id_usuario` int(11) NOT NULL,
  `usuario` varchar(50) NOT NULL,
  `password` varchar(255) NOT NULL,
  `rol` enum('Administrador','Usuario') NOT NULL
) ENGINE=InnoDB DEFAULT CHARSET=utf8mb4 COLLATE=utf8mb4_general_ci;

--
-- Volcado de datos para la tabla `usuarios`
--

INSERT INTO `usuarios` (`id_usuario`, `usuario`, `password`, `rol`) VALUES
(3, 'admin', 'e10adc3949ba59abbe56e057f20f883e', 'Administrador'),
(4, 'usuario', 'e10adc3949ba59abbe56e057f20f883e', 'Usuario'),
(5, 'tecnico', 'e10adc3949ba59abbe56e057f20f883e', 'Usuario'),
(6, 'Ricardo', '4a7d1ed414474e4033ac29ccb8653d9b', 'Usuario');

-- --------------------------------------------------------

--
-- Estructura para la vista `estado_tecnologico_actual`
--
DROP TABLE IF EXISTS `estado_tecnologico_actual`;

CREATE ALGORITHM=UNDEFINED DEFINER=`root`@`localhost` SQL SECURITY DEFINER VIEW `estado_tecnologico_actual`  AS SELECT `componentes_tecnologia`.`tipo_componente` AS `tipo_componente`, `componentes_tecnologia`.`tipo` AS `tipo`, `componentes_tecnologia`.`vida_util_anios` AS `vida_util_anios`, `componentes_tecnologia`.`peso_importancia` AS `peso_importancia`, `componentes_tecnologia`.`anio_lanzamiento` AS `anio_lanzamiento`, year(curdate()) - `componentes_tecnologia`.`anio_lanzamiento` AS `edad`, CASE WHEN year(curdate()) - `componentes_tecnologia`.`anio_lanzamiento` >= `componentes_tecnologia`.`vida_util_anios` THEN 'Obsoleto' WHEN year(curdate()) - `componentes_tecnologia`.`anio_lanzamiento` >= `componentes_tecnologia`.`vida_util_anios` * 0.7 THEN 'Actualizable' ELSE 'Vigente' END AS `estado_tecnologico` FROM `componentes_tecnologia` WHERE `componentes_tecnologia`.`anio_lanzamiento` is not null ;

--
-- Índices para tablas volcadas
--

--
-- Indices de la tabla `componentes`
--
ALTER TABLE `componentes`
  ADD PRIMARY KEY (`id_componente`),
  ADD KEY `id_equipo` (`id_equipo`);

--
-- Indices de la tabla `componentes_opcionales`
--
ALTER TABLE `componentes_opcionales`
  ADD PRIMARY KEY (`id_opcional`);

--
-- Indices de la tabla `componentes_tecnologia`
--
ALTER TABLE `componentes_tecnologia`
  ADD PRIMARY KEY (`tipo_componente`,`tipo`);

--
-- Indices de la tabla `coordinaciones`
--
ALTER TABLE `coordinaciones`
  ADD PRIMARY KEY (`id_coordinacion`),
  ADD KEY `id_division` (`id_division`);

--
-- Indices de la tabla `direcciones`
--
ALTER TABLE `direcciones`
  ADD PRIMARY KEY (`id_direccion`);

--
-- Indices de la tabla `divisiones`
--
ALTER TABLE `divisiones`
  ADD PRIMARY KEY (`id_division`),
  ADD KEY `id_direccion` (`id_direccion`);

--
-- Indices de la tabla `equipos`
--
ALTER TABLE `equipos`
  ADD PRIMARY KEY (`id_equipo`),
  ADD KEY `id_direccion` (`id_direccion`),
  ADD KEY `id_division` (`id_division`),
  ADD KEY `id_coordinacion` (`id_coordinacion`);

--
-- Indices de la tabla `logs`
--
ALTER TABLE `logs`
  ADD PRIMARY KEY (`id_log`);

--
-- Indices de la tabla `software`
--
ALTER TABLE `software`
  ADD PRIMARY KEY (`id_software`),
  ADD KEY `id_equipo` (`id_equipo`);

--
-- Indices de la tabla `usuarios`
--
ALTER TABLE `usuarios`
  ADD PRIMARY KEY (`id_usuario`),
  ADD UNIQUE KEY `usuario` (`usuario`);

--
-- AUTO_INCREMENT de las tablas volcadas
--

--
-- AUTO_INCREMENT de la tabla `componentes`
--
ALTER TABLE `componentes`
  MODIFY `id_componente` int(11) NOT NULL AUTO_INCREMENT, AUTO_INCREMENT=247;

--
-- AUTO_INCREMENT de la tabla `componentes_opcionales`
--
ALTER TABLE `componentes_opcionales`
  MODIFY `id_opcional` int(11) NOT NULL AUTO_INCREMENT, AUTO_INCREMENT=53;

--
-- AUTO_INCREMENT de la tabla `coordinaciones`
--
ALTER TABLE `coordinaciones`
  MODIFY `id_coordinacion` int(11) NOT NULL AUTO_INCREMENT, AUTO_INCREMENT=7;

--
-- AUTO_INCREMENT de la tabla `direcciones`
--
ALTER TABLE `direcciones`
  MODIFY `id_direccion` int(11) NOT NULL AUTO_INCREMENT, AUTO_INCREMENT=7;

--
-- AUTO_INCREMENT de la tabla `divisiones`
--
ALTER TABLE `divisiones`
  MODIFY `id_division` int(11) NOT NULL AUTO_INCREMENT, AUTO_INCREMENT=9;

--
-- AUTO_INCREMENT de la tabla `equipos`
--
ALTER TABLE `equipos`
  MODIFY `id_equipo` int(11) NOT NULL AUTO_INCREMENT, AUTO_INCREMENT=50;

--
-- AUTO_INCREMENT de la tabla `logs`
--
ALTER TABLE `logs`
  MODIFY `id_log` int(11) NOT NULL AUTO_INCREMENT, AUTO_INCREMENT=834;

--
-- AUTO_INCREMENT de la tabla `software`
--
ALTER TABLE `software`
  MODIFY `id_software` int(11) NOT NULL AUTO_INCREMENT, AUTO_INCREMENT=386;

--
-- AUTO_INCREMENT de la tabla `usuarios`
--
ALTER TABLE `usuarios`
  MODIFY `id_usuario` int(11) NOT NULL AUTO_INCREMENT, AUTO_INCREMENT=7;

--
-- Restricciones para tablas volcadas
--

--
-- Filtros para la tabla `componentes`
--
ALTER TABLE `componentes`
  ADD CONSTRAINT `componentes_ibfk_1` FOREIGN KEY (`id_equipo`) REFERENCES `equipos` (`id_equipo`) ON DELETE CASCADE;

--
-- Filtros para la tabla `coordinaciones`
--
ALTER TABLE `coordinaciones`
  ADD CONSTRAINT `coordinaciones_ibfk_1` FOREIGN KEY (`id_division`) REFERENCES `divisiones` (`id_division`) ON DELETE CASCADE;

--
-- Filtros para la tabla `divisiones`
--
ALTER TABLE `divisiones`
  ADD CONSTRAINT `divisiones_ibfk_1` FOREIGN KEY (`id_direccion`) REFERENCES `direcciones` (`id_direccion`) ON DELETE CASCADE;

--
-- Filtros para la tabla `equipos`
--
ALTER TABLE `equipos`
  ADD CONSTRAINT `equipos_ibfk_1` FOREIGN KEY (`id_direccion`) REFERENCES `direcciones` (`id_direccion`) ON DELETE SET NULL,
  ADD CONSTRAINT `equipos_ibfk_2` FOREIGN KEY (`id_division`) REFERENCES `divisiones` (`id_division`) ON DELETE SET NULL,
  ADD CONSTRAINT `equipos_ibfk_3` FOREIGN KEY (`id_coordinacion`) REFERENCES `coordinaciones` (`id_coordinacion`) ON DELETE SET NULL;
COMMIT;

/*!40101 SET CHARACTER_SET_CLIENT=@OLD_CHARACTER_SET_CLIENT */;
/*!40101 SET CHARACTER_SET_RESULTS=@OLD_CHARACTER_SET_RESULTS */;
/*!40101 SET COLLATION_CONNECTION=@OLD_COLLATION_CONNECTION */;
